<?xml version = '1.0' encoding = 'UTF-8'?>
<Diagram class="oracle.dbtools.crest.swingui.logical.DPVLogical" name="Logical" id="817A2568-EDDB-48C8-1ECB-DD6A4CAF2083">
<createdBy>Seba</createdBy>
<modifiedBy>Seba</modifiedBy>
<createdTime>2025-08-12 23:21:49 UTC</createdTime>
<autoRoute>false</autoRoute>
<boxInbox>true</boxInbox>
<showLegend>false</showLegend>
<showLabels>true</showLabels>
<showRelAttributes>true</showRelAttributes>
<gridEnabled>false</gridEnabled>
<showGrid>false</showGrid>
<diagramColor>-1</diagramColor>
<display>false</display>
<notation>0</notation>
<showComments>true</showComments>
<hideDetailsOnZoomOut>false</hideDetailsOnZoomOut>
<objectViews>
<OView class="oracle.dbtools.crest.swingui.logical.TVEntity" oid="040561AD-B665-76B8-DF3F-BDAABB9220E1" otype="Entity" vid="8B9679B9-CC63-C820-A900-F17F02510300">
<hideElementsInCurrentOnly>false</hideElementsInCurrentOnly>
<bounds x="170" y="309" width="218" height="164"/>
</OView>
<OView class="oracle.dbtools.crest.swingui.logical.TVEntity" oid="14C21F4B-33EA-B2B4-CA78-38283A40359F" otype="Entity" vid="59C8155B-C3EB-D588-62B3-1339E67015D2">
<hideElementsInCurrentOnly>false</hideElementsInCurrentOnly>
<bounds x="491" y="311" width="195" height="142"/>
</OView>
<OView class="oracle.dbtools.crest.swingui.logical.TVEntity" oid="8FCAB346-2E53-2CE0-5BF3-7A34F752D179" otype="Entity" vid="B002A5E2-28CF-3EFD-91A4-E0279473E633">
<hideElementsInCurrentOnly>false</hideElementsInCurrentOnly>
<bounds x="825" y="332" width="168" height="95"/>
</OView>
<OView class="oracle.dbtools.crest.swingui.logical.TVEntity" oid="DAD3AB58-EB66-1804-3DE2-CBA1D394293A" otype="Entity" vid="6E0FD0D2-847F-E150-D969-4DC4C11C04E4">
<hideElementsInCurrentOnly>false</hideElementsInCurrentOnly>
<bounds x="487" y="84" width="197" height="131"/>
</OView>
</objectViews>
<connectors>
<Connector class="oracle.dbtools.crest.swingui.logical.TVRelation" oid="8F8BA18D-B03D-891C-CC7F-9832527AF2DC" otype="Relation" vid_source="6E0FD0D2-847F-E150-D969-4DC4C11C04E4" vid_target="59C8155B-C3EB-D588-62B3-1339E67015D2">
<hideElementsInCurrentOnly>false</hideElementsInCurrentOnly>
<backgroundColor>-16777216</backgroundColor>
<lineWidth>1</lineWidth>
<sourceLabel class="oracle.dbtools.crest.model.design.Label">
<site>0</site>
<labelBounds x="587" y="250" width="71" height="29"/>
<noBackgroundColor>true</noBackgroundColor>
<noForegroundColor>true</noForegroundColor>
</sourceLabel>
<targetLabel class="oracle.dbtools.crest.model.design.Label">
<site>2</site>
<labelBounds x="587" y="269" width="42" height="20"/>
<noBackgroundColor>true</noBackgroundColor>
<noForegroundColor>true</noForegroundColor>
<targetAboveTheLine>true</targetAboveTheLine>
</targetLabel>
<points>
<point x="588" y="215"/>
<point x="587" y="311"/>
</points>
</Connector>
<Connector class="oracle.dbtools.crest.swingui.logical.TVRelation" oid="E56D220A-A7EA-88BA-9DE1-A2C992D52557" otype="Relation" vid_source="8B9679B9-CC63-C820-A900-F17F02510300" vid_target="59C8155B-C3EB-D588-62B3-1339E67015D2">
<hideElementsInCurrentOnly>false</hideElementsInCurrentOnly>
<backgroundColor>-16777216</backgroundColor>
<lineWidth>1</lineWidth>
<sourceLabel class="oracle.dbtools.crest.model.design.Label">
<site>0</site>
<labelBounds x="398" y="352" width="73" height="30"/>
<noBackgroundColor>true</noBackgroundColor>
<noForegroundColor>true</noForegroundColor>
</sourceLabel>
<targetLabel class="oracle.dbtools.crest.model.design.Label">
<site>2</site>
<labelBounds x="433" y="385" width="52" height="30"/>
<noBackgroundColor>true</noBackgroundColor>
<noForegroundColor>true</noForegroundColor>
</targetLabel>
<points>
<point x="388" y="382"/>
<point x="491" y="382"/>
</points>
</Connector>
<Connector class="oracle.dbtools.crest.swingui.logical.TVRelation" oid="E9FAE60B-9461-BF95-A70D-8DD0C2788A59" otype="Relation" vid_source="B002A5E2-28CF-3EFD-91A4-E0279473E633" vid_target="59C8155B-C3EB-D588-62B3-1339E67015D2">
<hideElementsInCurrentOnly>false</hideElementsInCurrentOnly>
<backgroundColor>-16777216</backgroundColor>
<lineWidth>1</lineWidth>
<sourceLabel class="oracle.dbtools.crest.model.design.Label">
<site>0</site>
<labelBounds x="757" y="382" width="62" height="30"/>
<noBackgroundColor>true</noBackgroundColor>
<noForegroundColor>true</noForegroundColor>
<sourceBelowTheLine>true</sourceBelowTheLine>
</sourceLabel>
<targetLabel class="oracle.dbtools.crest.model.design.Label">
<site>2</site>
<labelBounds x="696" y="359" width="97" height="20"/>
<noBackgroundColor>true</noBackgroundColor>
<noForegroundColor>true</noForegroundColor>
<targetAboveTheLine>true</targetAboveTheLine>
</targetLabel>
<points>
<point x="860" y="388"/>
<point x="686" y="379"/>
</points>
</Connector>
</connectors>
</Diagram>