<?xml version = '1.0' encoding = 'UTF-8'?>
<Table class="oracle.dbtools.crest.model.design.relational.Table" directorySegmentName="seg_0" id="19FA5820-8172-1A33-9543-97576BBE2A47" name="PAGO">
<sourceDDLFile>CentroMedicoUniversitarioSanRafael.sql</sourceDDLFile>
<createdBy>Seba</createdBy>
<createdTime>2025-09-12 23:14:34 UTC</createdTime>
<ownerDesignName>CentroMedicoUniversitarioSanRafael</ownerDesignName>
<importedID>A2D59CDD-6323-0161-B325-CF1B7952422B</importedID>
<allowColumnReorder>false</allowColumnReorder>
<existDependencyGenerateInDDl>true</existDependencyGenerateInDDl>
<parsed>true</parsed>
<columns itemClass="oracle.dbtools.crest.model.design.relational.Column">
<Column name="id_pago" id="839F3E1F-DBB3-EB07-AC20-4FF6C465749E">
<sourceDDLFile>CentroMedicoUniversitarioSanRafael.sql</sourceDDLFile>
<createdBy>Seba</createdBy>
<createdTime>2025-09-12 23:14:34 UTC</createdTime>
<ownerDesignName>CentroMedicoUniversitarioSanRafael</ownerDesignName>
<importedID>42FD5B5F-B845-F843-CD9E-C4F70C0F5EFE</importedID>
<use>0</use>
<logicalDatatype>LOGDT019</logicalDatatype>
<domain>35DD7C7A-90CD-F225-ADAB-00FD650CBBAD</domain>
<ownDataTypeParameters>,,</ownDataTypeParameters>
<autoIncrementCycle>false</autoIncrementCycle>
</Column>
<Column name="monto" id="194D43BC-2815-760D-89BC-1240322FE187">
<sourceDDLFile>CentroMedicoUniversitarioSanRafael.sql</sourceDDLFile>
<createdBy>Seba</createdBy>
<createdTime>2025-09-12 23:14:34 UTC</createdTime>
<ownerDesignName>CentroMedicoUniversitarioSanRafael</ownerDesignName>
<importedID>F8F65863-E659-354E-ED98-1139AE8AF48F</importedID>
<use>0</use>
<logicalDatatype>LOGDT019</logicalDatatype>
<domain>79F4A9DA-84D3-478E-9CB4-9B1D2413E955</domain>
<ownDataTypeParameters>,,</ownDataTypeParameters>
<autoIncrementCycle>false</autoIncrementCycle>
</Column>
<Column name="tipo_pago" id="FE153820-FF9F-A330-1CA9-812924AF8B7B">
<sourceDDLFile>CentroMedicoUniversitarioSanRafael.sql</sourceDDLFile>
<createdBy>Seba</createdBy>
<createdTime>2025-09-12 23:14:34 UTC</createdTime>
<ownerDesignName>CentroMedicoUniversitarioSanRafael</ownerDesignName>
<importedID>D143BAE8-843C-034B-2DA6-33F5B1D5AF53</importedID>
<use>0</use>
<logicalDatatype>LOGDT024</logicalDatatype>
<domain>7147EF64-687C-8AE3-25A4-D77EE001EB2B</domain>
<ownDataTypeParameters>,,</ownDataTypeParameters>
<autoIncrementCycle>false</autoIncrementCycle>
</Column>
<Column name="id_atencion" id="26D858D2-62C1-9252-8AA6-056030466B05">
<sourceDDLFile>CentroMedicoUniversitarioSanRafael.sql</sourceDDLFile>
<createdBy>Seba</createdBy>
<createdTime>2025-09-12 23:14:34 UTC</createdTime>
<ownerDesignName>CentroMedicoUniversitarioSanRafael</ownerDesignName>
<importedID>2F95DE98-9C78-43F0-99F5-889AA0FAD034</importedID>
<use>0</use>
<logicalDatatype>LOGDT019</logicalDatatype>
<domain>35DD7C7A-90CD-F225-ADAB-00FD650CBBAD</domain>
<ownDataTypeParameters>,,</ownDataTypeParameters>
<autoIncrementCycle>false</autoIncrementCycle>
<associations>
<colAssociation fkAssociation="BA81A1DC-BCF6-D23B-2F14-0AFBEC3E09DB" referredColumn="F78EB44D-C524-61C4-F1C1-90E7DAE1B80A"/>
</associations>
</Column>
</columns>
<indexes itemClass="oracle.dbtools.crest.model.design.relational.Index">
<ind_PK_UK id="58429022-859F-08DC-8DA2-484B8C129389" name="pk_pago">
<sourceDDLFile>CentroMedicoUniversitarioSanRafael.sql</sourceDDLFile>
<createdBy>Seba</createdBy>
<createdTime>2025-09-12 23:14:34 UTC</createdTime>
<ownerDesignName>CentroMedicoUniversitarioSanRafael</ownerDesignName>
<importedID>4136EDD3-1DFD-E76C-B1A5-5A0C96ED2359</importedID>
<pk>true</pk>
<indexState>Primary Constraint</indexState>
<isSurrogateKey>false</isSurrogateKey>
<indexColumnUsage>
<colUsage columnID="839F3E1F-DBB3-EB07-AC20-4FF6C465749E"/>
</indexColumnUsage>
</ind_PK_UK>
<ind_PK_UK id="E74C4175-98D3-7539-7DD0-5B505214F658" name="fk_pago_atencion">
<createdBy>Seba</createdBy>
<createdTime>2025-09-12 23:14:34 UTC</createdTime>
<ownerDesignName>CentroMedicoUniversitarioSanRafael</ownerDesignName>
<indexState>Foreign Key</indexState>
<isSurrogateKey>false</isSurrogateKey>
<indexColumnUsage>
<colUsage columnID="26D858D2-62C1-9252-8AA6-056030466B05"/>
</indexColumnUsage>
</ind_PK_UK>
</indexes>
<tableCheckConstraints itemClass="oracle.dbtools.crest.model.design.constraint.TableLevelConstraint">
<tableCheckConstraint name="chk_tipo_pago" directorySegmentName="seg_0" id="B29E7E75-4514-C3B8-182B-2DB3CE7BFD0A">
<sourceDDLFile>CentroMedicoUniversitarioSanRafael.sql</sourceDDLFile>
<createdBy>Seba</createdBy>
<createdTime>2025-09-12 23:14:34 UTC</createdTime>
<ownerDesignName>CentroMedicoUniversitarioSanRafael</ownerDesignName>
<importedID>F18C4B5A-4D1C-AE77-E63B-FEF61277CAC8</importedID>
<rule><![CDATA[tipo_pago IN ('efectivo', 'tarjeta', 'convenio')]]></rule>
</tableCheckConstraint>
</tableCheckConstraints>
</Table>