<?xml version = '1.0' encoding = 'UTF-8'?>
<Table class="oracle.dbtools.crest.model.design.relational.Table" directorySegmentName="seg_0" id="A729ABC7-7952-F09E-3EFD-A9E5AD213702" name="EXAMEN_SOLICITADO">
<sourceDDLFile>CentroMedicoUniversitarioSanRafael.sql</sourceDDLFile>
<createdBy>Seba</createdBy>
<createdTime>2025-09-12 23:14:34 UTC</createdTime>
<ownerDesignName>CentroMedicoUniversitarioSanRafael</ownerDesignName>
<importedID>46CB6E04-6F47-CFF2-B1DA-C08E4D87EDBA</importedID>
<allowColumnReorder>false</allowColumnReorder>
<existDependencyGenerateInDDl>true</existDependencyGenerateInDDl>
<parsed>true</parsed>
<columns itemClass="oracle.dbtools.crest.model.design.relational.Column">
<Column name="id_solicitud" id="1B9D3042-0FB5-2600-C27A-C1EA8CDF51E1">
<sourceDDLFile>CentroMedicoUniversitarioSanRafael.sql</sourceDDLFile>
<createdBy>Seba</createdBy>
<createdTime>2025-09-12 23:14:34 UTC</createdTime>
<ownerDesignName>CentroMedicoUniversitarioSanRafael</ownerDesignName>
<importedID>05FB66C0-47E6-D930-91BB-218F8BFBDFEA</importedID>
<use>0</use>
<logicalDatatype>LOGDT019</logicalDatatype>
<domain>35DD7C7A-90CD-F225-ADAB-00FD650CBBAD</domain>
<ownDataTypeParameters>,,</ownDataTypeParameters>
<autoIncrementCycle>false</autoIncrementCycle>
</Column>
<Column name="id_atencion" id="50278F5C-C8B3-4C5B-255F-DD02FD09D4DA">
<sourceDDLFile>CentroMedicoUniversitarioSanRafael.sql</sourceDDLFile>
<createdBy>Seba</createdBy>
<createdTime>2025-09-12 23:14:34 UTC</createdTime>
<ownerDesignName>CentroMedicoUniversitarioSanRafael</ownerDesignName>
<importedID>9A165BF9-F682-9382-4981-4A29F61418BA</importedID>
<use>0</use>
<logicalDatatype>LOGDT019</logicalDatatype>
<domain>35DD7C7A-90CD-F225-ADAB-00FD650CBBAD</domain>
<ownDataTypeParameters>,,</ownDataTypeParameters>
<autoIncrementCycle>false</autoIncrementCycle>
<associations>
<colAssociation fkAssociation="EED12298-615B-63AC-7617-BC90862DABCE" referredColumn="F78EB44D-C524-61C4-F1C1-90E7DAE1B80A"/>
</associations>
</Column>
<Column name="codigo_examen" id="F85C4E12-56D3-81B8-4347-9CE0DA26E765">
<sourceDDLFile>CentroMedicoUniversitarioSanRafael.sql</sourceDDLFile>
<createdBy>Seba</createdBy>
<createdTime>2025-09-12 23:14:34 UTC</createdTime>
<ownerDesignName>CentroMedicoUniversitarioSanRafael</ownerDesignName>
<importedID>279939A5-A20A-A2EB-EE8C-4229A1BD36F7</importedID>
<use>0</use>
<logicalDatatype>LOGDT024</logicalDatatype>
<domain>EE660DD9-CE62-BD53-F128-CF5D9DC25D72</domain>
<ownDataTypeParameters>,,</ownDataTypeParameters>
<autoIncrementCycle>false</autoIncrementCycle>
<associations>
<colAssociation fkAssociation="5CA1A408-B8CF-0E8F-22AB-A1741E2192E9" referredColumn="7534AD9E-5AA7-51B8-A423-ECC57F60120D"/>
</associations>
</Column>
<Column name="fecha_solicitud" id="5A69B483-DF71-2B06-E732-BCA02ACD51E3">
<sourceDDLFile>CentroMedicoUniversitarioSanRafael.sql</sourceDDLFile>
<createdBy>Seba</createdBy>
<createdTime>2025-09-12 23:14:34 UTC</createdTime>
<ownerDesignName>CentroMedicoUniversitarioSanRafael</ownerDesignName>
<importedID>331D8BDF-BF1C-3625-2E6E-DC07A7667711</importedID>
<use>0</use>
<logicalDatatype>LOGDT007</logicalDatatype>
<domain>F7A6BE6C-0DD6-AF3F-6A3A-7083CF4AF745</domain>
<ownDataTypeParameters>,,</ownDataTypeParameters>
<autoIncrementCycle>false</autoIncrementCycle>
</Column>
<Column name="resultado" id="7D75B408-20C9-7081-967B-F8F0CBCD7554">
<sourceDDLFile>CentroMedicoUniversitarioSanRafael.sql</sourceDDLFile>
<createdBy>Seba</createdBy>
<createdTime>2025-09-12 23:14:34 UTC</createdTime>
<ownerDesignName>CentroMedicoUniversitarioSanRafael</ownerDesignName>
<importedID>F69C26BF-D8A1-6386-A3DE-1007C3752ADF</importedID>
<nullsAllowed>true</nullsAllowed>
<use>0</use>
<logicalDatatype>LOGDT028</logicalDatatype>
<domain>ECEB981E-E1C8-68CA-63A4-A7D1FC12A8F7</domain>
<ownDataTypeParameters>,,</ownDataTypeParameters>
<autoIncrementCycle>false</autoIncrementCycle>
</Column>
</columns>
<indexes itemClass="oracle.dbtools.crest.model.design.relational.Index">
<ind_PK_UK id="F28F9B87-C3AC-00C2-93EC-38B9F1803204" name="pk_solicitud">
<sourceDDLFile>CentroMedicoUniversitarioSanRafael.sql</sourceDDLFile>
<createdBy>Seba</createdBy>
<createdTime>2025-09-12 23:14:34 UTC</createdTime>
<ownerDesignName>CentroMedicoUniversitarioSanRafael</ownerDesignName>
<importedID>C00DCBFA-ED07-C9B8-31EF-30C00EEBDB8D</importedID>
<pk>true</pk>
<indexState>Primary Constraint</indexState>
<isSurrogateKey>false</isSurrogateKey>
<indexColumnUsage>
<colUsage columnID="1B9D3042-0FB5-2600-C27A-C1EA8CDF51E1"/>
</indexColumnUsage>
</ind_PK_UK>
<ind_PK_UK id="F593A974-8E47-B768-6465-E856D98148BD" name="fk_solicitud_atencion">
<createdBy>Seba</createdBy>
<createdTime>2025-09-12 23:14:34 UTC</createdTime>
<ownerDesignName>CentroMedicoUniversitarioSanRafael</ownerDesignName>
<indexState>Foreign Key</indexState>
<isSurrogateKey>false</isSurrogateKey>
<indexColumnUsage>
<colUsage columnID="50278F5C-C8B3-4C5B-255F-DD02FD09D4DA"/>
</indexColumnUsage>
</ind_PK_UK>
<ind_PK_UK id="FB731EA6-9CF0-07E3-57CB-A54C66A60465" name="fk_solicitud_examen">
<createdBy>Seba</createdBy>
<createdTime>2025-09-12 23:14:34 UTC</createdTime>
<ownerDesignName>CentroMedicoUniversitarioSanRafael</ownerDesignName>
<indexState>Foreign Key</indexState>
<isSurrogateKey>false</isSurrogateKey>
<indexColumnUsage>
<colUsage columnID="F85C4E12-56D3-81B8-4347-9CE0DA26E765"/>
</indexColumnUsage>
</ind_PK_UK>
</indexes>
</Table>