<?xml version = '1.0' encoding = 'UTF-8'?>
<Table class="oracle.dbtools.crest.model.design.relational.Table" directorySegmentName="seg_0" id="C42700E8-9D12-BAF5-A828-2BF84229CE65" name="ESPECIALIDAD">
<sourceDDLFile>CentroMedicoUniversitarioSanRafael.sql</sourceDDLFile>
<createdBy>Seba</createdBy>
<createdTime>2025-09-12 23:14:34 UTC</createdTime>
<ownerDesignName>CentroMedicoUniversitarioSanRafael</ownerDesignName>
<importedID>99B79F59-ABA1-8F26-4CAD-515F3D383166</importedID>
<allowColumnReorder>false</allowColumnReorder>
<existDependencyGenerateInDDl>true</existDependencyGenerateInDDl>
<parsed>true</parsed>
<columns itemClass="oracle.dbtools.crest.model.design.relational.Column">
<Column name="id_especialidad" id="07539F9E-F8F9-E6A3-26F4-08BDED441257">
<sourceDDLFile>CentroMedicoUniversitarioSanRafael.sql</sourceDDLFile>
<createdBy>Seba</createdBy>
<createdTime>2025-09-12 23:14:34 UTC</createdTime>
<ownerDesignName>CentroMedicoUniversitarioSanRafael</ownerDesignName>
<importedID>890B715E-79C5-CA2A-B9A3-A0AAACA8E737</importedID>
<use>0</use>
<logicalDatatype>LOGDT019</logicalDatatype>
<domain>B1D8F2D1-419B-03B2-6305-F74E02F3720F</domain>
<ownDataTypeParameters>,,</ownDataTypeParameters>
<autoIncrementCycle>false</autoIncrementCycle>
</Column>
<Column name="nombre_especialidad" id="E99EEE87-365E-87F0-53E7-AF193C172580">
<sourceDDLFile>CentroMedicoUniversitarioSanRafael.sql</sourceDDLFile>
<createdBy>Seba</createdBy>
<createdTime>2025-09-12 23:14:34 UTC</createdTime>
<ownerDesignName>CentroMedicoUniversitarioSanRafael</ownerDesignName>
<importedID>70759D8D-D3E1-71B0-9665-0D2334F9BDCE</importedID>
<use>0</use>
<logicalDatatype>LOGDT024</logicalDatatype>
<domain>7147EF64-687C-8AE3-25A4-D77EE001EB2B</domain>
<ownDataTypeParameters>,,</ownDataTypeParameters>
<autoIncrementCycle>false</autoIncrementCycle>
</Column>
</columns>
<indexes itemClass="oracle.dbtools.crest.model.design.relational.Index">
<ind_PK_UK id="F162AC33-9BFB-DC38-3B30-F650DAB5095F" name="pk_especialidad">
<sourceDDLFile>CentroMedicoUniversitarioSanRafael.sql</sourceDDLFile>
<createdBy>Seba</createdBy>
<createdTime>2025-09-12 23:14:34 UTC</createdTime>
<ownerDesignName>CentroMedicoUniversitarioSanRafael</ownerDesignName>
<importedID>6FEBA21B-2592-C223-8F30-0812F8D97832</importedID>
<pk>true</pk>
<indexState>Primary Constraint</indexState>
<isSurrogateKey>false</isSurrogateKey>
<indexColumnUsage>
<colUsage columnID="07539F9E-F8F9-E6A3-26F4-08BDED441257"/>
</indexColumnUsage>
</ind_PK_UK>
</indexes>
</Table>