<?xml version = '1.0' encoding = 'UTF-8'?>
<Table class="oracle.dbtools.crest.model.design.relational.Table" directorySegmentName="seg_0" id="E526071C-9D8C-72A4-E4B3-FE4B20080CC3" name="ATENCION">
<sourceDDLFile>CentroMedicoUniversitarioSanRafael.sql</sourceDDLFile>
<createdBy>Seba</createdBy>
<createdTime>2025-09-12 23:14:34 UTC</createdTime>
<ownerDesignName>CentroMedicoUniversitarioSanRafael</ownerDesignName>
<importedID>8F2F394A-8AF1-6002-7BF9-50DFD99E17FD</importedID>
<allowColumnReorder>false</allowColumnReorder>
<existDependencyGenerateInDDl>true</existDependencyGenerateInDDl>
<parsed>true</parsed>
<columns itemClass="oracle.dbtools.crest.model.design.relational.Column">
<Column name="id_atencion" id="F78EB44D-C524-61C4-F1C1-90E7DAE1B80A">
<sourceDDLFile>CentroMedicoUniversitarioSanRafael.sql</sourceDDLFile>
<createdBy>Seba</createdBy>
<createdTime>2025-09-12 23:14:34 UTC</createdTime>
<ownerDesignName>CentroMedicoUniversitarioSanRafael</ownerDesignName>
<importedID>C968B968-2BA3-C3BA-D1C3-073EBB1CE8AA</importedID>
<use>0</use>
<logicalDatatype>LOGDT019</logicalDatatype>
<domain>35DD7C7A-90CD-F225-ADAB-00FD650CBBAD</domain>
<ownDataTypeParameters>,,</ownDataTypeParameters>
<autoIncrementCycle>false</autoIncrementCycle>
</Column>
<Column name="fecha_atencion" id="5DE82E07-7BA6-D572-B815-97CE04829827">
<sourceDDLFile>CentroMedicoUniversitarioSanRafael.sql</sourceDDLFile>
<createdBy>Seba</createdBy>
<createdTime>2025-09-12 23:14:34 UTC</createdTime>
<ownerDesignName>CentroMedicoUniversitarioSanRafael</ownerDesignName>
<importedID>A62F2B90-DA65-A589-0A31-39E1778112C7</importedID>
<use>0</use>
<logicalDatatype>LOGDT007</logicalDatatype>
<domain>F7A6BE6C-0DD6-AF3F-6A3A-7083CF4AF745</domain>
<ownDataTypeParameters>,,</ownDataTypeParameters>
<autoIncrementCycle>false</autoIncrementCycle>
</Column>
<Column name="tipo_atencion" id="A2017A62-0CA7-321E-ED0A-497842A2E163">
<sourceDDLFile>CentroMedicoUniversitarioSanRafael.sql</sourceDDLFile>
<createdBy>Seba</createdBy>
<createdTime>2025-09-12 23:14:34 UTC</createdTime>
<ownerDesignName>CentroMedicoUniversitarioSanRafael</ownerDesignName>
<importedID>4E1E6DFE-2A42-F286-AF51-4BF25C3FF844</importedID>
<use>0</use>
<logicalDatatype>LOGDT024</logicalDatatype>
<domain>7147EF64-687C-8AE3-25A4-D77EE001EB2B</domain>
<ownDataTypeParameters>,,</ownDataTypeParameters>
<autoIncrementCycle>false</autoIncrementCycle>
</Column>
<Column name="diagnostico" id="D7CBEB4C-8B33-3271-4D66-9556AD9E6551">
<sourceDDLFile>CentroMedicoUniversitarioSanRafael.sql</sourceDDLFile>
<createdBy>Seba</createdBy>
<createdTime>2025-09-12 23:14:34 UTC</createdTime>
<ownerDesignName>CentroMedicoUniversitarioSanRafael</ownerDesignName>
<importedID>706FF50D-BA2B-FEFA-93A1-0BB0073C5A4B</importedID>
<nullsAllowed>true</nullsAllowed>
<use>0</use>
<logicalDatatype>LOGDT024</logicalDatatype>
<domain>61BD4CCB-1D4B-CC98-B09B-70CBCAD5B719</domain>
<ownDataTypeParameters>,,</ownDataTypeParameters>
<autoIncrementCycle>false</autoIncrementCycle>
</Column>
<Column name="rut_paciente" id="25033C7A-B158-1E7D-121C-8AB0DDDD5C8F">
<sourceDDLFile>CentroMedicoUniversitarioSanRafael.sql</sourceDDLFile>
<createdBy>Seba</createdBy>
<createdTime>2025-09-12 23:14:34 UTC</createdTime>
<ownerDesignName>CentroMedicoUniversitarioSanRafael</ownerDesignName>
<importedID>42503E9E-82CE-6B1D-F24F-A5EEA3598205</importedID>
<use>0</use>
<logicalDatatype>LOGDT024</logicalDatatype>
<domain>991D76CC-E1C6-FAFB-16C3-D8457BDCC895</domain>
<ownDataTypeParameters>,,</ownDataTypeParameters>
<autoIncrementCycle>false</autoIncrementCycle>
<associations>
<colAssociation fkAssociation="D4D2C2AE-8DEE-1CA7-39BC-FDD8613BDF62" referredColumn="7FE47930-746E-D789-441D-7C5041255943"/>
</associations>
</Column>
<Column name="rut_medico" id="2F9BC477-4D67-FE53-6070-35364ABC9B57">
<sourceDDLFile>CentroMedicoUniversitarioSanRafael.sql</sourceDDLFile>
<createdBy>Seba</createdBy>
<createdTime>2025-09-12 23:14:34 UTC</createdTime>
<ownerDesignName>CentroMedicoUniversitarioSanRafael</ownerDesignName>
<importedID>D4BDBEE0-C44C-79F6-A6E1-6491766E0459</importedID>
<use>0</use>
<logicalDatatype>LOGDT024</logicalDatatype>
<domain>991D76CC-E1C6-FAFB-16C3-D8457BDCC895</domain>
<ownDataTypeParameters>,,</ownDataTypeParameters>
<autoIncrementCycle>false</autoIncrementCycle>
<associations>
<colAssociation fkAssociation="52E17BE3-9E54-A918-6B75-6E5FACE4B937" referredColumn="E532A73B-391B-0E18-5B1E-6A6581B7156B"/>
</associations>
</Column>
</columns>
<indexes itemClass="oracle.dbtools.crest.model.design.relational.Index">
<ind_PK_UK id="00F6B98C-5765-4CCF-01AA-5EF661B34F3C" name="pk_atencion">
<sourceDDLFile>CentroMedicoUniversitarioSanRafael.sql</sourceDDLFile>
<createdBy>Seba</createdBy>
<createdTime>2025-09-12 23:14:34 UTC</createdTime>
<ownerDesignName>CentroMedicoUniversitarioSanRafael</ownerDesignName>
<importedID>D5B37346-2D7E-3836-C5AD-0151719FA30C</importedID>
<pk>true</pk>
<indexState>Primary Constraint</indexState>
<isSurrogateKey>false</isSurrogateKey>
<indexColumnUsage>
<colUsage columnID="F78EB44D-C524-61C4-F1C1-90E7DAE1B80A"/>
</indexColumnUsage>
</ind_PK_UK>
<ind_PK_UK id="51E59C16-C5E3-84D2-504F-D8FD3FA0BFA2" name="fk_atencion_medico">
<createdBy>Seba</createdBy>
<createdTime>2025-09-12 23:14:34 UTC</createdTime>
<ownerDesignName>CentroMedicoUniversitarioSanRafael</ownerDesignName>
<indexState>Foreign Key</indexState>
<isSurrogateKey>false</isSurrogateKey>
<indexColumnUsage>
<colUsage columnID="2F9BC477-4D67-FE53-6070-35364ABC9B57"/>
</indexColumnUsage>
</ind_PK_UK>
<ind_PK_UK id="F937B456-8826-9DED-DD6F-523E68BF78D2" name="fk_atencion_paciente">
<createdBy>Seba</createdBy>
<createdTime>2025-09-12 23:14:34 UTC</createdTime>
<ownerDesignName>CentroMedicoUniversitarioSanRafael</ownerDesignName>
<indexState>Foreign Key</indexState>
<isSurrogateKey>false</isSurrogateKey>
<indexColumnUsage>
<colUsage columnID="25033C7A-B158-1E7D-121C-8AB0DDDD5C8F"/>
</indexColumnUsage>
</ind_PK_UK>
</indexes>
<tableCheckConstraints itemClass="oracle.dbtools.crest.model.design.constraint.TableLevelConstraint">
<tableCheckConstraint name="chk_tipo_atencion" directorySegmentName="seg_0" id="20771BB7-5D3E-5DB6-3DB7-0C86E9B88283">
<sourceDDLFile>CentroMedicoUniversitarioSanRafael.sql</sourceDDLFile>
<createdBy>Seba</createdBy>
<createdTime>2025-09-12 23:14:34 UTC</createdTime>
<ownerDesignName>CentroMedicoUniversitarioSanRafael</ownerDesignName>
<importedID>23FA5514-9532-8D3A-7AAA-B861CF2DD7E1</importedID>
<rule><![CDATA[tipo_atencion IN ('general', 'urgencia', 'preventiva')]]></rule>
</tableCheckConstraint>
</tableCheckConstraints>
</Table>