<?xml version = '1.0' encoding = 'UTF-8'?>
<Relation class="oracle.dbtools.crest.model.design.logical.Relation" name="fk_jefe_empleado" directorySegmentName="seg_0" id="29FC7964-1EEA-2FD8-BEE2-85AC3788DB22">
<createdBy>Seba</createdBy>
<createdTime>2025-10-12 08:18:24 UTC</createdTime>
<generatorID>650E8F1C-6CC1-F977-8C67-C45860D7FE8F</generatorID>
<ownerDesignName>EFT_S9_Sebastian_Tapia</ownerDesignName>
<engineerTo>
<item key="36302680-21E0-BDF2-3B1C-4866FE4A4EB8" value="true"/>
</engineerTo>
<sourcePk>08EC24F4-EFAF-07EF-4304-C30AE4A85E09</sourcePk>
<dominantRole>671603D5-53B1-092A-E00C-5D3473362E27</dominantRole>
<identifying>true</identifying>
<optionalSource>true</optionalSource>
<optionalTarget>false</optionalTarget>
<sourceCardinality>1</sourceCardinality>
<sourceEntity>671603D5-53B1-092A-E00C-5D3473362E27</sourceEntity>
<targetCardinalityString>1</targetCardinalityString>
<targetEntity>029D4EFD-8B8F-A7A0-D2FA-537CDD96C9F0</targetEntity>
<transferable>true</transferable>
<deleteRule>NO ACTION</deleteRule>
</Relation>