<?xml version = '1.0' encoding = 'UTF-8'?>
<Relation class="oracle.dbtools.crest.model.design.logical.Relation" name="fk_empleado_afp" directorySegmentName="seg_0" id="6493BA44-E12C-649D-C96C-816E095D142F">
<createdBy>Seba</createdBy>
<createdTime>2025-10-12 08:18:24 UTC</createdTime>
<generatorID>98DAF5F5-54E4-F1B9-8D86-2B9477442A59</generatorID>
<ownerDesignName>EFT_S9_Sebastian_Tapia</ownerDesignName>
<engineerTo>
<item key="36302680-21E0-BDF2-3B1C-4866FE4A4EB8" value="true"/>
</engineerTo>
<sourcePk>C2FF5FB7-E086-CED2-31A6-82A32DE9FA73</sourcePk>
<identifying>false</identifying>
<optionalSource>true</optionalSource>
<optionalTarget>false</optionalTarget>
<sourceCardinality>1</sourceCardinality>
<sourceEntity>C1D0B99D-695D-3AB4-EDAD-F0AB175832BF</sourceEntity>
<targetCardinalityString>*</targetCardinalityString>
<targetEntity>671603D5-53B1-092A-E00C-5D3473362E27</targetEntity>
<transferable>true</transferable>
<deleteRule>NO ACTION</deleteRule>
</Relation>