<?xml version = '1.0' encoding = 'UTF-8'?>
<Relation class="oracle.dbtools.crest.model.design.logical.Relation" name="fk_empleado_salud" directorySegmentName="seg_0" id="90E18C1B-DFBF-3F0D-2639-91ADA9ED6CE2">
<createdBy>Seba</createdBy>
<createdTime>2025-10-12 08:18:24 UTC</createdTime>
<generatorID>B742EE39-1082-09D4-F8B2-9207F3CFE991</generatorID>
<ownerDesignName>EFT_S9_Sebastian_Tapia</ownerDesignName>
<engineerTo>
<item key="36302680-21E0-BDF2-3B1C-4866FE4A4EB8" value="true"/>
</engineerTo>
<sourcePk>26CCA2F4-3888-855F-D008-1AB90D0C0579</sourcePk>
<identifying>false</identifying>
<optionalSource>true</optionalSource>
<optionalTarget>false</optionalTarget>
<sourceCardinality>1</sourceCardinality>
<sourceEntity>109136F2-2C63-FFF0-0887-8D549D100581</sourceEntity>
<targetCardinalityString>*</targetCardinalityString>
<targetEntity>671603D5-53B1-092A-E00C-5D3473362E27</targetEntity>
<transferable>true</transferable>
<deleteRule>NO ACTION</deleteRule>
</Relation>