<?xml version = '1.0' encoding = 'UTF-8'?>
<Relation class="oracle.dbtools.crest.model.design.logical.Relation" name="fk_tecnico_empleado" directorySegmentName="seg_0" id="C6B7FBDF-7CC7-8410-3B30-CC3550BE557C">
<createdBy>Seba</createdBy>
<createdTime>2025-10-12 08:18:24 UTC</createdTime>
<generatorID>1624F5E2-320F-D243-ACEB-0405095E7501</generatorID>
<ownerDesignName>EFT_S9_Sebastian_Tapia</ownerDesignName>
<engineerTo>
<item key="36302680-21E0-BDF2-3B1C-4866FE4A4EB8" value="true"/>
</engineerTo>
<sourcePk>08EC24F4-EFAF-07EF-4304-C30AE4A85E09</sourcePk>
<dominantRole>671603D5-53B1-092A-E00C-5D3473362E27</dominantRole>
<identifying>true</identifying>
<optionalSource>true</optionalSource>
<optionalTarget>false</optionalTarget>
<sourceCardinality>1</sourceCardinality>
<sourceEntity>671603D5-53B1-092A-E00C-5D3473362E27</sourceEntity>
<targetCardinalityString>1</targetCardinalityString>
<targetEntity>D791D175-BE60-6FEF-5931-A490316BD7C0</targetEntity>
<transferable>true</transferable>
<deleteRule>NO ACTION</deleteRule>
</Relation>