<?xml version = '1.0' encoding = 'UTF-8'?>
<Relation class="oracle.dbtools.crest.model.design.logical.Relation" name="fk_empleado_planta" directorySegmentName="seg_0" id="CB69DF10-F167-46B6-A68D-4FB0E0BCC04F">
<createdBy>Seba</createdBy>
<createdTime>2025-10-12 08:18:24 UTC</createdTime>
<generatorID>D77DE9F6-8C87-AE60-62E5-1E35154BDA86</generatorID>
<ownerDesignName>EFT_S9_Sebastian_Tapia</ownerDesignName>
<engineerTo>
<item key="36302680-21E0-BDF2-3B1C-4866FE4A4EB8" value="true"/>
</engineerTo>
<sourcePk>775B4C70-EE92-D79C-5FED-FEC488566E61</sourcePk>
<identifying>false</identifying>
<optionalSource>true</optionalSource>
<optionalTarget>false</optionalTarget>
<sourceCardinality>1</sourceCardinality>
<sourceEntity>D0CB8919-8515-E983-DBF8-736F8EEB77F8</sourceEntity>
<targetCardinalityString>*</targetCardinalityString>
<targetEntity>671603D5-53B1-092A-E00C-5D3473362E27</targetEntity>
<transferable>true</transferable>
<deleteRule>NO ACTION</deleteRule>
</Relation>