<?xml version = '1.0' encoding = 'UTF-8'?>
<relationalModel class="oracle.dbtools.crest.model.design.relational.RelationalDesign" name="Relational_1" id="4C4A55CB-2359-BE67-0C51-940E796A3713" mainViewID="6F9D3831-C43C-5ECF-1C11-99ACC94F4DBC">
<createdBy>Seba</createdBy>
<createdTime>2025-09-12 23:11:59 UTC</createdTime>
<ownerDesignName>CentroMedicoUniversitarioSanRafael</ownerDesignName>
<shouldBeOpen>false</shouldBeOpen>
<selectedRDBMSSite>32076570-2523-435C-2E92-BF29817DFF70</selectedRDBMSSite>
<importDDLFileStamps>
<importDDLFileStamp class="oracle.dbtools.crest.imports.DDLFileStamp">
<fileName>CentroMedicoUniversitarioSanRafael.sql</fileName>
<pathName>C:\Users\sebas\Desktop</pathName>
<dbType>9</dbType>
</importDDLFileStamp>
</importDDLFileStamps>
</relationalModel>