<?xml version = '1.0' encoding = 'UTF-8'?>
<Entity class="oracle.dbtools.crest.model.design.logical.Entity" directorySegmentName="seg_0" id="61DB1FB3-F38D-8C26-C758-7FEDCAF8B70A" name="PAGO">
<createdBy>Seba</createdBy>
<createdTime>2025-09-12 23:14:50 UTC</createdTime>
<generatorID>19FA5820-8172-1A33-9543-97576BBE2A47</generatorID>
<ownerDesignName>CentroMedicoUniversitarioSanRafael</ownerDesignName>
<engineerTo>
<item key="4C4A55CB-2359-BE67-0C51-940E796A3713" value="true"/>
</engineerTo>
<adequatelyNormalized>NO</adequatelyNormalized>
<expectedVolumes>0</expectedVolumes>
<fwdEngineeringStrategyName>Single Table</fwdEngineeringStrategyName>
<growthPercent>0</growthPercent>
<growthType>Year</growthType>
<maxVolumes>9999999</maxVolumes>
<minVolumes>0</minVolumes>
<normalForm>Third</normalForm>
<attributes itemClass="oracle.dbtools.crest.model.design.logical.Attribute">
<Attribute name="id pago" id="A7FB8AFA-2E47-7A27-6A9F-5F8331ABB56F">
<createdBy>Seba</createdBy>
<createdTime>2025-09-12 23:14:50 UTC</createdTime>
<generatorID>839F3E1F-DBB3-EB07-AC20-4FF6C465749E</generatorID>
<ownerDesignName>CentroMedicoUniversitarioSanRafael</ownerDesignName>
<engineerTo>
<item key="4C4A55CB-2359-BE67-0C51-940E796A3713" value="true"/>
</engineerTo>
<use>0</use>
<logicalDatatype>LOGDT019</logicalDatatype>
<domain>35DD7C7A-90CD-F225-ADAB-00FD650CBBAD</domain>
<ownDataTypeParameters>,,</ownDataTypeParameters>
</Attribute>
<Attribute name="monto" id="E096CD91-B8F8-E882-3778-32F5F60E1014">
<createdBy>Seba</createdBy>
<createdTime>2025-09-12 23:14:50 UTC</createdTime>
<generatorID>194D43BC-2815-760D-89BC-1240322FE187</generatorID>
<ownerDesignName>CentroMedicoUniversitarioSanRafael</ownerDesignName>
<engineerTo>
<item key="4C4A55CB-2359-BE67-0C51-940E796A3713" value="true"/>
</engineerTo>
<use>0</use>
<logicalDatatype>LOGDT019</logicalDatatype>
<domain>79F4A9DA-84D3-478E-9CB4-9B1D2413E955</domain>
<ownDataTypeParameters>,,</ownDataTypeParameters>
</Attribute>
<Attribute name="tipo pago" id="397D61EA-5907-06FA-EA04-E4EE1314C184">
<createdBy>Seba</createdBy>
<createdTime>2025-09-12 23:14:50 UTC</createdTime>
<generatorID>FE153820-FF9F-A330-1CA9-812924AF8B7B</generatorID>
<ownerDesignName>CentroMedicoUniversitarioSanRafael</ownerDesignName>
<engineerTo>
<item key="4C4A55CB-2359-BE67-0C51-940E796A3713" value="true"/>
</engineerTo>
<use>0</use>
<logicalDatatype>LOGDT024</logicalDatatype>
<domain>7147EF64-687C-8AE3-25A4-D77EE001EB2B</domain>
<ownDataTypeParameters>,,</ownDataTypeParameters>
</Attribute>
<Attribute name="id atencion" id="C1728990-BEB8-C39E-92D5-66846FDCD22D">
<createdBy>Seba</createdBy>
<createdTime>2025-09-12 23:14:50 UTC</createdTime>
<generatorID>E88364EF-7229-8B79-8BED-39616A88872B</generatorID>
<ownerDesignName>CentroMedicoUniversitarioSanRafael</ownerDesignName>
<engineerTo>
<item key="4C4A55CB-2359-BE67-0C51-940E796A3713" value="true"/>
</engineerTo>
<referedAttribute>E229E4A5-9ECB-6263-3B94-B7579608A3D9</referedAttribute>
<use>0</use>
<logicalDatatype>LOGDT019</logicalDatatype>
<domain>35DD7C7A-90CD-F225-ADAB-00FD650CBBAD</domain>
<ownDataTypeParameters>,,</ownDataTypeParameters>
</Attribute>
</attributes>
<identifiers itemClass="oracle.dbtools.crest.model.design.logical.CandidateKey">
<identifier id="06C9488A-28E3-121B-A7CB-F9A7BAF516A9" name="pk pago">
<createdBy>Seba</createdBy>
<createdTime>2025-09-12 23:14:50 UTC</createdTime>
<generatorID>58429022-859F-08DC-8DA2-484B8C129389</generatorID>
<ownerDesignName>CentroMedicoUniversitarioSanRafael</ownerDesignName>
<engineerTo>
<item key="4C4A55CB-2359-BE67-0C51-940E796A3713" value="true"/>
</engineerTo>
<pk>true</pk>
<usedAttributes>
<attributeRef>A7FB8AFA-2E47-7A27-6A9F-5F8331ABB56F</attributeRef>
</usedAttributes>
</identifier>
</identifiers>
</Entity>