<?xml version = '1.0' encoding = 'UTF-8'?>
<Entity class="oracle.dbtools.crest.model.design.logical.Entity" directorySegmentName="seg_0" id="9510AB96-D3EB-698A-A423-F45BF7B52F74" name="EXAMEN SOLICITADO">
<createdBy>Seba</createdBy>
<createdTime>2025-09-12 23:14:50 UTC</createdTime>
<generatorID>A729ABC7-7952-F09E-3EFD-A9E5AD213702</generatorID>
<ownerDesignName>CentroMedicoUniversitarioSanRafael</ownerDesignName>
<engineerTo>
<item key="4C4A55CB-2359-BE67-0C51-940E796A3713" value="true"/>
</engineerTo>
<adequatelyNormalized>NO</adequatelyNormalized>
<expectedVolumes>0</expectedVolumes>
<fwdEngineeringStrategyName>Single Table</fwdEngineeringStrategyName>
<growthPercent>0</growthPercent>
<growthType>Year</growthType>
<maxVolumes>9999999</maxVolumes>
<minVolumes>0</minVolumes>
<normalForm>Third</normalForm>
<attributes itemClass="oracle.dbtools.crest.model.design.logical.Attribute">
<Attribute name="id solicitud" id="09B48598-ACFD-CF0E-8215-D3DD5E4AB6A4">
<createdBy>Seba</createdBy>
<createdTime>2025-09-12 23:14:50 UTC</createdTime>
<generatorID>1B9D3042-0FB5-2600-C27A-C1EA8CDF51E1</generatorID>
<ownerDesignName>CentroMedicoUniversitarioSanRafael</ownerDesignName>
<engineerTo>
<item key="4C4A55CB-2359-BE67-0C51-940E796A3713" value="true"/>
</engineerTo>
<use>0</use>
<logicalDatatype>LOGDT019</logicalDatatype>
<domain>35DD7C7A-90CD-F225-ADAB-00FD650CBBAD</domain>
<ownDataTypeParameters>,,</ownDataTypeParameters>
</Attribute>
<Attribute name="id atencion" id="723CC59C-86A9-5F04-15FC-7777CC1BA60B">
<createdBy>Seba</createdBy>
<createdTime>2025-09-12 23:14:50 UTC</createdTime>
<generatorID>8A2E2039-690B-BBA7-0AFE-411C6043C3B9</generatorID>
<ownerDesignName>CentroMedicoUniversitarioSanRafael</ownerDesignName>
<engineerTo>
<item key="4C4A55CB-2359-BE67-0C51-940E796A3713" value="true"/>
</engineerTo>
<referedAttribute>E229E4A5-9ECB-6263-3B94-B7579608A3D9</referedAttribute>
<use>0</use>
<logicalDatatype>LOGDT019</logicalDatatype>
<domain>35DD7C7A-90CD-F225-ADAB-00FD650CBBAD</domain>
<ownDataTypeParameters>,,</ownDataTypeParameters>
</Attribute>
<Attribute name="codigo examen" id="76F3D71B-E439-425D-180F-550BF7918446">
<createdBy>Seba</createdBy>
<createdTime>2025-09-12 23:14:50 UTC</createdTime>
<generatorID>66BAD607-D4A0-367A-B986-845359FBFE30</generatorID>
<ownerDesignName>CentroMedicoUniversitarioSanRafael</ownerDesignName>
<engineerTo>
<item key="4C4A55CB-2359-BE67-0C51-940E796A3713" value="true"/>
</engineerTo>
<referedAttribute>2EA44465-7115-AF65-AB08-A05A7CB35B7F</referedAttribute>
<use>0</use>
<logicalDatatype>LOGDT024</logicalDatatype>
<domain>EE660DD9-CE62-BD53-F128-CF5D9DC25D72</domain>
<ownDataTypeParameters>,,</ownDataTypeParameters>
</Attribute>
<Attribute name="fecha solicitud" id="629B1CAC-EDE4-041A-5206-893987901932">
<createdBy>Seba</createdBy>
<createdTime>2025-09-12 23:14:50 UTC</createdTime>
<generatorID>5A69B483-DF71-2B06-E732-BCA02ACD51E3</generatorID>
<ownerDesignName>CentroMedicoUniversitarioSanRafael</ownerDesignName>
<engineerTo>
<item key="4C4A55CB-2359-BE67-0C51-940E796A3713" value="true"/>
</engineerTo>
<use>0</use>
<logicalDatatype>LOGDT007</logicalDatatype>
<domain>F7A6BE6C-0DD6-AF3F-6A3A-7083CF4AF745</domain>
<ownDataTypeParameters>,,</ownDataTypeParameters>
</Attribute>
<Attribute name="resultado" id="3E9B1ACA-1D7B-6C0B-FF7E-71DCA6DABB14">
<createdBy>Seba</createdBy>
<createdTime>2025-09-12 23:14:50 UTC</createdTime>
<generatorID>7D75B408-20C9-7081-967B-F8F0CBCD7554</generatorID>
<ownerDesignName>CentroMedicoUniversitarioSanRafael</ownerDesignName>
<engineerTo>
<item key="4C4A55CB-2359-BE67-0C51-940E796A3713" value="true"/>
</engineerTo>
<nullsAllowed>true</nullsAllowed>
<use>0</use>
<logicalDatatype>LOGDT028</logicalDatatype>
<domain>ECEB981E-E1C8-68CA-63A4-A7D1FC12A8F7</domain>
<ownDataTypeParameters>,,</ownDataTypeParameters>
</Attribute>
</attributes>
<identifiers itemClass="oracle.dbtools.crest.model.design.logical.CandidateKey">
<identifier id="F21C03B3-0940-E24F-432A-E5C5F48C53E2" name="pk solicitud">
<createdBy>Seba</createdBy>
<createdTime>2025-09-12 23:14:50 UTC</createdTime>
<generatorID>F28F9B87-C3AC-00C2-93EC-38B9F1803204</generatorID>
<ownerDesignName>CentroMedicoUniversitarioSanRafael</ownerDesignName>
<engineerTo>
<item key="4C4A55CB-2359-BE67-0C51-940E796A3713" value="true"/>
</engineerTo>
<pk>true</pk>
<usedAttributes>
<attributeRef>09B48598-ACFD-CF0E-8215-D3DD5E4AB6A4</attributeRef>
</usedAttributes>
</identifier>
</identifiers>
</Entity>