<?xml version = '1.0' encoding = 'UTF-8'?>
<Entity class="oracle.dbtools.crest.model.design.logical.Entity" directorySegmentName="seg_0" id="DFEBAB22-D8B3-F61A-83BF-C7DA23B84F21" name="EXAMEN LABORATORIO">
<createdBy>Seba</createdBy>
<createdTime>2025-09-12 23:14:50 UTC</createdTime>
<generatorID>C0A60B67-0AC0-0446-EC4E-565815CE0C77</generatorID>
<ownerDesignName>CentroMedicoUniversitarioSanRafael</ownerDesignName>
<engineerTo>
<item key="4C4A55CB-2359-BE67-0C51-940E796A3713" value="true"/>
</engineerTo>
<adequatelyNormalized>NO</adequatelyNormalized>
<expectedVolumes>0</expectedVolumes>
<fwdEngineeringStrategyName>Single Table</fwdEngineeringStrategyName>
<growthPercent>0</growthPercent>
<growthType>Year</growthType>
<maxVolumes>9999999</maxVolumes>
<minVolumes>0</minVolumes>
<normalForm>Third</normalForm>
<attributes itemClass="oracle.dbtools.crest.model.design.logical.Attribute">
<Attribute name="codigo examen" id="2EA44465-7115-AF65-AB08-A05A7CB35B7F">
<createdBy>Seba</createdBy>
<createdTime>2025-09-12 23:14:50 UTC</createdTime>
<generatorID>7534AD9E-5AA7-51B8-A423-ECC57F60120D</generatorID>
<ownerDesignName>CentroMedicoUniversitarioSanRafael</ownerDesignName>
<engineerTo>
<item key="4C4A55CB-2359-BE67-0C51-940E796A3713" value="true"/>
</engineerTo>
<use>0</use>
<logicalDatatype>LOGDT024</logicalDatatype>
<domain>EE660DD9-CE62-BD53-F128-CF5D9DC25D72</domain>
<ownDataTypeParameters>,,</ownDataTypeParameters>
</Attribute>
<Attribute name="nombre examen" id="0EEB08E5-98FC-2C2F-633B-23B9DC894402">
<createdBy>Seba</createdBy>
<createdTime>2025-09-12 23:14:50 UTC</createdTime>
<generatorID>845CA507-23D0-25C1-D626-0F7F4BBC0512</generatorID>
<ownerDesignName>CentroMedicoUniversitarioSanRafael</ownerDesignName>
<engineerTo>
<item key="4C4A55CB-2359-BE67-0C51-940E796A3713" value="true"/>
</engineerTo>
<use>0</use>
<logicalDatatype>LOGDT024</logicalDatatype>
<domain>A8F9E3DE-53CB-96C5-29FC-F5FC958B7946</domain>
<ownDataTypeParameters>,,</ownDataTypeParameters>
</Attribute>
<Attribute name="tipo muestra" id="8C36150C-45C2-850E-1822-BE62EAD87CB3">
<createdBy>Seba</createdBy>
<createdTime>2025-09-12 23:14:50 UTC</createdTime>
<generatorID>7862DBD2-A3D1-F4FD-A8DA-C6F028D6799D</generatorID>
<ownerDesignName>CentroMedicoUniversitarioSanRafael</ownerDesignName>
<engineerTo>
<item key="4C4A55CB-2359-BE67-0C51-940E796A3713" value="true"/>
</engineerTo>
<use>0</use>
<logicalDatatype>LOGDT024</logicalDatatype>
<domain>7147EF64-687C-8AE3-25A4-D77EE001EB2B</domain>
<ownDataTypeParameters>,,</ownDataTypeParameters>
</Attribute>
<Attribute name="condiciones preparacion" id="DFAB97BB-5C87-569A-6AF2-3F1A8F6DC953">
<createdBy>Seba</createdBy>
<createdTime>2025-09-12 23:14:50 UTC</createdTime>
<generatorID>232D2FAB-BD24-5BFE-4825-A45A8E743149</generatorID>
<ownerDesignName>CentroMedicoUniversitarioSanRafael</ownerDesignName>
<engineerTo>
<item key="4C4A55CB-2359-BE67-0C51-940E796A3713" value="true"/>
</engineerTo>
<nullsAllowed>true</nullsAllowed>
<use>0</use>
<logicalDatatype>LOGDT024</logicalDatatype>
<domain>7AF2866B-E4D0-D9AD-4274-EB1F6BB78931</domain>
<ownDataTypeParameters>,,</ownDataTypeParameters>
</Attribute>
</attributes>
<identifiers itemClass="oracle.dbtools.crest.model.design.logical.CandidateKey">
<identifier id="C81C66E9-A167-182D-C526-3CB5186675C8" name="pk examen">
<createdBy>Seba</createdBy>
<createdTime>2025-09-12 23:14:50 UTC</createdTime>
<generatorID>6196D709-9D53-ECDD-6E72-6AB73E096778</generatorID>
<ownerDesignName>CentroMedicoUniversitarioSanRafael</ownerDesignName>
<engineerTo>
<item key="4C4A55CB-2359-BE67-0C51-940E796A3713" value="true"/>
</engineerTo>
<pk>true</pk>
<usedAttributes>
<attributeRef>2EA44465-7115-AF65-AB08-A05A7CB35B7F</attributeRef>
</usedAttributes>
</identifier>
</identifiers>
</Entity>