<?xml version = '1.0' encoding = 'UTF-8'?>
<Entity class="oracle.dbtools.crest.model.design.logical.Entity" directorySegmentName="seg_0" id="1D4571B3-6E61-AB48-6692-8852FFC4F98D" name="ANEXO">
<createdBy>Seba</createdBy>
<createdTime>2025-09-02 03:20:36 UTC</createdTime>
<ownerDesignName>VivirMejor</ownerDesignName>
<engineerTo>
<item key="A804F6F1-5FA0-6B11-4844-5758B4943EAF" value="true"/>
</engineerTo>
<adequatelyNormalized>NO</adequatelyNormalized>
<expectedVolumes>0</expectedVolumes>
<fwdEngineeringStrategyName>Single Table</fwdEngineeringStrategyName>
<growthPercent>0</growthPercent>
<growthType>Year</growthType>
<maxVolumes>9999999</maxVolumes>
<minVolumes>0</minVolumes>
<normalForm>Third</normalForm>
<attributes itemClass="oracle.dbtools.crest.model.design.logical.Attribute">
<Attribute name="id_anexo" id="49164694-131D-B229-0CDC-18FFFF2AF277">
<createdBy>Seba</createdBy>
<createdTime>2025-09-02 03:20:47 UTC</createdTime>
<ownerDesignName>VivirMejor</ownerDesignName>
<engineerTo>
<item key="A804F6F1-5FA0-6B11-4844-5758B4943EAF" value="true"/>
</engineerTo>
<useDomainConstraints>false</useDomainConstraints>
<use>1</use>
<logicalDatatype>LOGDT019</logicalDatatype>
<ownDataTypeParameters>,,</ownDataTypeParameters>
</Attribute>
<Attribute name="fecha_inicio_estadia" id="87B4883E-15F2-F50F-9803-1D84DFD0A1B3">
<createdBy>Seba</createdBy>
<createdTime>2025-09-02 03:20:56 UTC</createdTime>
<ownerDesignName>VivirMejor</ownerDesignName>
<engineerTo>
<item key="A804F6F1-5FA0-6B11-4844-5758B4943EAF" value="true"/>
</engineerTo>
<useDomainConstraints>false</useDomainConstraints>
<use>1</use>
<logicalDatatype>LOGDT007</logicalDatatype>
<ownDataTypeParameters>,,</ownDataTypeParameters>
</Attribute>
<Attribute name="fecha_termino" id="EF62456A-CB42-5485-594D-8874A9F46101">
<createdBy>Seba</createdBy>
<createdTime>2025-09-02 03:21:08 UTC</createdTime>
<ownerDesignName>VivirMejor</ownerDesignName>
<engineerTo>
<item key="A804F6F1-5FA0-6B11-4844-5758B4943EAF" value="true"/>
</engineerTo>
<nullsAllowed>true</nullsAllowed>
<useDomainConstraints>false</useDomainConstraints>
<use>1</use>
<logicalDatatype>LOGDT007</logicalDatatype>
<ownDataTypeParameters>,,</ownDataTypeParameters>
</Attribute>
<Attribute name="observaciones" id="103F7E79-F772-957C-2908-0F08678FC898">
<createdBy>Seba</createdBy>
<createdTime>2025-09-02 03:21:15 UTC</createdTime>
<ownerDesignName>VivirMejor</ownerDesignName>
<engineerTo>
<item key="A804F6F1-5FA0-6B11-4844-5758B4943EAF" value="true"/>
</engineerTo>
<nullsAllowed>true</nullsAllowed>
<useDomainConstraints>false</useDomainConstraints>
<use>1</use>
<logicalDatatype>LOGDT024</logicalDatatype>
<dataTypeSize>100</dataTypeSize>
<ownDataTypeParameters>100,,</ownDataTypeParameters>
</Attribute>
<Attribute name="id_contrato" id="A143550F-A743-E3D3-AC58-4B90076610DA">
<createdBy>Seba</createdBy>
<createdTime>2025-09-02 03:29:46 UTC</createdTime>
<generatorID>8E5BD9FE-A122-9C1E-AF46-1DC1CB85337E</generatorID>
<ownerDesignName>VivirMejor</ownerDesignName>
<engineerTo>
<item key="A804F6F1-5FA0-6B11-4844-5758B4943EAF" value="true"/>
</engineerTo>
<referedAttribute>3DAF83CA-46BE-5DB4-9FBC-62D26340EE13</referedAttribute>
<useDomainConstraints>false</useDomainConstraints>
<use>1</use>
<logicalDatatype>LOGDT019</logicalDatatype>
<ownDataTypeParameters>,,</ownDataTypeParameters>
</Attribute>
<Attribute name="rut" id="9C66C4D2-03B9-B94B-D51F-1428A5F2CA9C">
<createdBy>Seba</createdBy>
<createdTime>2025-09-02 03:38:28 UTC</createdTime>
<generatorID>4B09556E-8673-77D1-56FA-1221C815886E</generatorID>
<ownerDesignName>VivirMejor</ownerDesignName>
<engineerTo>
<item key="A804F6F1-5FA0-6B11-4844-5758B4943EAF" value="true"/>
</engineerTo>
<referedAttribute>FEAF65DE-C352-1451-CA65-9D5E013DCE86</referedAttribute>
<useDomainConstraints>false</useDomainConstraints>
<use>1</use>
<logicalDatatype>LOGDT024</logicalDatatype>
<dataTypeSize>13</dataTypeSize>
<ownDataTypeParameters>,,</ownDataTypeParameters>
</Attribute>
</attributes>
<identifiers itemClass="oracle.dbtools.crest.model.design.logical.CandidateKey">
<identifier id="94B4B25B-5FE2-11FD-F431-37B33FB542D2" name="ANEXO PK">
<createdBy>Seba</createdBy>
<createdTime>2025-09-02 03:20:54 UTC</createdTime>
<ownerDesignName>VivirMejor</ownerDesignName>
<engineerTo>
<item key="A804F6F1-5FA0-6B11-4844-5758B4943EAF" value="true"/>
</engineerTo>
<pk>true</pk>
<usedAttributes>
<attributeRef>49164694-131D-B229-0CDC-18FFFF2AF277</attributeRef>
</usedAttributes>
</identifier>
</identifiers>
</Entity>