<?xml version = '1.0' encoding = 'UTF-8'?>
<Entity class="oracle.dbtools.crest.model.design.logical.Entity" directorySegmentName="seg_0" id="BB42A01C-265B-04A0-E898-9CCF03067BE7" name="PERSONAL">
<createdBy>Seba</createdBy>
<createdTime>2025-09-02 03:02:54 UTC</createdTime>
<ownerDesignName>VivirMejor</ownerDesignName>
<engineerTo>
<item key="A804F6F1-5FA0-6B11-4844-5758B4943EAF" value="true"/>
</engineerTo>
<adequatelyNormalized>NO</adequatelyNormalized>
<expectedVolumes>0</expectedVolumes>
<fwdEngineeringStrategyName>Single Table</fwdEngineeringStrategyName>
<growthPercent>0</growthPercent>
<growthType>Year</growthType>
<hierarchicalParent>D0A29D2E-AF9C-5AAE-AE29-EF876B1D6B4D</hierarchicalParent>
<maxVolumes>9999999</maxVolumes>
<minVolumes>0</minVolumes>
<normalForm>Third</normalForm>
<attributes itemClass="oracle.dbtools.crest.model.design.logical.Attribute">
<Attribute name="fecha_ingreso" id="2B90C54E-E76B-0319-02DA-9657CBF9C4D8">
<createdBy>Seba</createdBy>
<createdTime>2025-09-02 03:03:01 UTC</createdTime>
<ownerDesignName>VivirMejor</ownerDesignName>
<engineerTo>
<item key="A804F6F1-5FA0-6B11-4844-5758B4943EAF" value="true"/>
</engineerTo>
<useDomainConstraints>false</useDomainConstraints>
<use>1</use>
<logicalDatatype>LOGDT007</logicalDatatype>
<ownDataTypeParameters>,,</ownDataTypeParameters>
</Attribute>
</attributes>
</Entity>