<?xml version = '1.0' encoding = 'UTF-8'?>
<Entity class="oracle.dbtools.crest.model.design.logical.Entity" directorySegmentName="seg_0" id="C34C3AF2-F9C7-4567-8936-EE15E461E003" name="HABITACIÓN">
<createdBy>Seba</createdBy>
<createdTime>2025-09-02 03:21:51 UTC</createdTime>
<ownerDesignName>VivirMejor</ownerDesignName>
<engineerTo>
<item key="A804F6F1-5FA0-6B11-4844-5758B4943EAF" value="true"/>
</engineerTo>
<adequatelyNormalized>NO</adequatelyNormalized>
<expectedVolumes>0</expectedVolumes>
<fwdEngineeringStrategyName>Single Table</fwdEngineeringStrategyName>
<growthPercent>0</growthPercent>
<growthType>Year</growthType>
<maxVolumes>9999999</maxVolumes>
<minVolumes>0</minVolumes>
<normalForm>Third</normalForm>
<attributes itemClass="oracle.dbtools.crest.model.design.logical.Attribute">
<Attribute name="id_habitacion" id="2843A832-1FA0-FF71-675E-F49D50DD5C17">
<createdBy>Seba</createdBy>
<createdTime>2025-09-02 03:22:00 UTC</createdTime>
<ownerDesignName>VivirMejor</ownerDesignName>
<engineerTo>
<item key="A804F6F1-5FA0-6B11-4844-5758B4943EAF" value="true"/>
</engineerTo>
<useDomainConstraints>false</useDomainConstraints>
<use>1</use>
<logicalDatatype>LOGDT019</logicalDatatype>
<dataTypePrecision>0</dataTypePrecision>
<ownDataTypeParameters>,0,</ownDataTypeParameters>
</Attribute>
<Attribute name="numero_habitacion" id="DFD42B5A-321D-62E0-530C-DB7A566AD8BC">
<createdBy>Seba</createdBy>
<createdTime>2025-09-02 03:22:11 UTC</createdTime>
<ownerDesignName>VivirMejor</ownerDesignName>
<engineerTo>
<item key="A804F6F1-5FA0-6B11-4844-5758B4943EAF" value="true"/>
</engineerTo>
<useDomainConstraints>false</useDomainConstraints>
<use>1</use>
<logicalDatatype>LOGDT019</logicalDatatype>
<ownDataTypeParameters>,,</ownDataTypeParameters>
</Attribute>
<Attribute name="id_residencia" id="E39EB16A-E59C-8786-F73F-30A30F187FDE">
<createdBy>Seba</createdBy>
<createdTime>2025-09-02 03:27:02 UTC</createdTime>
<generatorID>9D9A905F-0A27-5F80-3ADE-BE7D6CEE91F7</generatorID>
<ownerDesignName>VivirMejor</ownerDesignName>
<engineerTo>
<item key="A804F6F1-5FA0-6B11-4844-5758B4943EAF" value="true"/>
</engineerTo>
<referedAttribute>AA2A0FB9-874E-347B-B379-3E58612E03ED</referedAttribute>
<useDomainConstraints>false</useDomainConstraints>
<use>1</use>
<logicalDatatype>LOGDT019</logicalDatatype>
<dataTypePrecision>0</dataTypePrecision>
<ownDataTypeParameters>,,</ownDataTypeParameters>
</Attribute>
</attributes>
<identifiers itemClass="oracle.dbtools.crest.model.design.logical.CandidateKey">
<identifier id="ACE483A8-A45F-893B-CA87-9A6D60DF101B" name="HABITACIÓN PK">
<createdBy>Seba</createdBy>
<createdTime>2025-09-02 03:22:07 UTC</createdTime>
<ownerDesignName>VivirMejor</ownerDesignName>
<engineerTo>
<item key="A804F6F1-5FA0-6B11-4844-5758B4943EAF" value="true"/>
</engineerTo>
<pk>true</pk>
<usedAttributes>
<attributeRef>2843A832-1FA0-FF71-675E-F49D50DD5C17</attributeRef>
</usedAttributes>
</identifier>
</identifiers>
</Entity>