<?xml version = '1.0' encoding = 'UTF-8'?>
<Entity class="oracle.dbtools.crest.model.design.logical.Entity" directorySegmentName="seg_0" id="D0A29D2E-AF9C-5AAE-AE29-EF876B1D6B4D" name="PERSONA">
<createdBy>Seba</createdBy>
<createdTime>2025-09-02 02:51:15 UTC</createdTime>
<ownerDesignName>VivirMejor</ownerDesignName>
<engineerTo>
<item key="A804F6F1-5FA0-6B11-4844-5758B4943EAF" value="true"/>
</engineerTo>
<adequatelyNormalized>NO</adequatelyNormalized>
<expectedVolumes>0</expectedVolumes>
<fwdEngineeringStrategyName>Single Table</fwdEngineeringStrategyName>
<growthPercent>0</growthPercent>
<growthType>Year</growthType>
<maxVolumes>9999999</maxVolumes>
<minVolumes>0</minVolumes>
<normalForm>Third</normalForm>
<attributes itemClass="oracle.dbtools.crest.model.design.logical.Attribute">
<Attribute name="rut" id="FEAF65DE-C352-1451-CA65-9D5E013DCE86">
<createdBy>Seba</createdBy>
<createdTime>2025-09-02 02:52:52 UTC</createdTime>
<ownerDesignName>VivirMejor</ownerDesignName>
<engineerTo>
<item key="A804F6F1-5FA0-6B11-4844-5758B4943EAF" value="true"/>
</engineerTo>
<useDomainConstraints>false</useDomainConstraints>
<use>1</use>
<logicalDatatype>LOGDT024</logicalDatatype>
<dataTypeSize>13</dataTypeSize>
<ownDataTypeParameters>13,,</ownDataTypeParameters>
</Attribute>
<Attribute name="nombre" id="1780DA0A-A41E-F767-D043-65E5DE478A60">
<createdBy>Seba</createdBy>
<createdTime>2025-09-02 02:56:23 UTC</createdTime>
<ownerDesignName>VivirMejor</ownerDesignName>
<engineerTo>
<item key="A804F6F1-5FA0-6B11-4844-5758B4943EAF" value="true"/>
</engineerTo>
<useDomainConstraints>false</useDomainConstraints>
<use>1</use>
<logicalDatatype>LOGDT024</logicalDatatype>
<dataTypeSize>50</dataTypeSize>
<ownDataTypeParameters>50,,</ownDataTypeParameters>
</Attribute>
</attributes>
<identifiers itemClass="oracle.dbtools.crest.model.design.logical.CandidateKey">
<identifier id="403CF04B-7ACB-1A7C-EE6F-DCA9946C3152" name="PERSONA PK">
<createdBy>Seba</createdBy>
<createdTime>2025-09-02 02:56:19 UTC</createdTime>
<ownerDesignName>VivirMejor</ownerDesignName>
<engineerTo>
<item key="A804F6F1-5FA0-6B11-4844-5758B4943EAF" value="true"/>
</engineerTo>
<pk>true</pk>
<usedAttributes>
<attributeRef>FEAF65DE-C352-1451-CA65-9D5E013DCE86</attributeRef>
</usedAttributes>
</identifier>
</identifiers>
</Entity>