<?xml version = '1.0' encoding = 'UTF-8'?>
<Table class="oracle.dbtools.crest.model.design.relational.Table" directorySegmentName="seg_0" id="7AE196B1-0861-9F71-AF0E-A7148912B324" name="SISTEMA_SALUD">
<sourceDDLFile>semana 9.sql</sourceDDLFile>
<createdBy>Seba</createdBy>
<createdTime>2025-10-12 08:16:27 UTC</createdTime>
<ownerDesignName>EFT_S9_Sebastian_Tapia</ownerDesignName>
<importedID>E27491A6-75E6-3F36-AF76-8683A358EB2E</importedID>
<allowColumnReorder>false</allowColumnReorder>
<existDependencyGenerateInDDl>true</existDependencyGenerateInDDl>
<parsed>true</parsed>
<columns itemClass="oracle.dbtools.crest.model.design.relational.Column">
<Column name="id_salud" id="DA29B8FC-CE80-AFE1-6534-063C01F9BA6F">
<sourceDDLFile>semana 9.sql</sourceDDLFile>
<createdBy>Seba</createdBy>
<createdTime>2025-10-12 08:16:27 UTC</createdTime>
<ownerDesignName>EFT_S9_Sebastian_Tapia</ownerDesignName>
<importedID>FF9BF47B-04F0-9161-ACC1-13698FCBE1E9</importedID>
<use>0</use>
<logicalDatatype>LOGDT019</logicalDatatype>
<domain>6F930B01-C565-6CFB-E9D7-08FBDF248C77</domain>
<ownDataTypeParameters>,,</ownDataTypeParameters>
<autoIncrementCycle>false</autoIncrementCycle>
</Column>
<Column name="nombre_salud" id="6198031E-2706-D570-C826-766735F1FF7B">
<sourceDDLFile>semana 9.sql</sourceDDLFile>
<createdBy>Seba</createdBy>
<createdTime>2025-10-12 08:16:27 UTC</createdTime>
<ownerDesignName>EFT_S9_Sebastian_Tapia</ownerDesignName>
<importedID>1CF4D119-62DE-EA5D-5818-B0B82E3BF294</importedID>
<use>0</use>
<logicalDatatype>LOGDT024</logicalDatatype>
<domain>2D3905BB-1B27-8537-9DD5-DE86BE46F24F</domain>
<ownDataTypeParameters>,,</ownDataTypeParameters>
<autoIncrementCycle>false</autoIncrementCycle>
</Column>
</columns>
<indexes itemClass="oracle.dbtools.crest.model.design.relational.Index">
<ind_PK_UK id="C0D21811-88D4-54DD-2B84-89314D17610E" name="pk_sistema_salud">
<sourceDDLFile>semana 9.sql</sourceDDLFile>
<createdBy>Seba</createdBy>
<createdTime>2025-10-12 08:16:27 UTC</createdTime>
<ownerDesignName>EFT_S9_Sebastian_Tapia</ownerDesignName>
<importedID>E34DF689-6C45-6F09-0197-BE5557E9B0EA</importedID>
<pk>true</pk>
<indexState>Primary Constraint</indexState>
<isSurrogateKey>false</isSurrogateKey>
<indexColumnUsage>
<colUsage columnID="DA29B8FC-CE80-AFE1-6534-063C01F9BA6F"/>
</indexColumnUsage>
</ind_PK_UK>
<ind_PK_UK id="6815DA56-6B32-6257-8639-E151A3847085" name="un_nombre_salud">
<sourceDDLFile>semana 9.sql</sourceDDLFile>
<createdBy>Seba</createdBy>
<createdTime>2025-10-12 08:16:27 UTC</createdTime>
<ownerDesignName>EFT_S9_Sebastian_Tapia</ownerDesignName>
<importedID>28E2CB1B-1B6B-AFFE-4BAA-F68AD9B82C6D</importedID>
<indexState>Unique Constraint</indexState>
<isSurrogateKey>false</isSurrogateKey>
<indexColumnUsage>
<colUsage columnID="6198031E-2706-D570-C826-766735F1FF7B"/>
</indexColumnUsage>
</ind_PK_UK>
</indexes>
</Table>