<?xml version = '1.0' encoding = 'UTF-8'?>
<Table class="oracle.dbtools.crest.model.design.relational.Table" directorySegmentName="seg_0" id="93D09090-EBD2-AE76-9662-0C9ACC02E608" name="EMPLEADO">
<sourceDDLFile>semana 9.sql</sourceDDLFile>
<createdBy>Seba</createdBy>
<createdTime>2025-10-12 08:16:27 UTC</createdTime>
<ownerDesignName>EFT_S9_Sebastian_Tapia</ownerDesignName>
<importedID>D0FF2C52-533D-DB59-7BCD-EE497B17F322</importedID>
<allowColumnReorder>false</allowColumnReorder>
<existDependencyGenerateInDDl>true</existDependencyGenerateInDDl>
<parsed>true</parsed>
<columns itemClass="oracle.dbtools.crest.model.design.relational.Column">
<Column name="id_empleado" id="ED73531C-E6CE-A5EE-E55D-D5BE5EAFC804">
<sourceDDLFile>semana 9.sql</sourceDDLFile>
<createdBy>Seba</createdBy>
<createdTime>2025-10-12 08:16:27 UTC</createdTime>
<ownerDesignName>EFT_S9_Sebastian_Tapia</ownerDesignName>
<importedID>EDD03E48-8B10-7FA6-0431-30A86753AD5C</importedID>
<use>0</use>
<logicalDatatype>LOGDT019</logicalDatatype>
<domain>B89FCABF-E209-8924-08A0-EBD065C0B41B</domain>
<ownDataTypeParameters>,,</ownDataTypeParameters>
<autoIncrementCycle>false</autoIncrementCycle>
</Column>
<Column name="rut" id="E107F659-962D-0EFF-0746-EAA2F3667F27">
<sourceDDLFile>semana 9.sql</sourceDDLFile>
<createdBy>Seba</createdBy>
<createdTime>2025-10-12 08:16:27 UTC</createdTime>
<ownerDesignName>EFT_S9_Sebastian_Tapia</ownerDesignName>
<importedID>BE207B8E-1607-92A6-2C0D-9D2E934D9FE0</importedID>
<use>0</use>
<logicalDatatype>LOGDT024</logicalDatatype>
<domain>5A8DD9E9-272D-8C6E-4E29-3B6DEE5779A2</domain>
<ownDataTypeParameters>,,</ownDataTypeParameters>
<autoIncrementCycle>false</autoIncrementCycle>
</Column>
<Column name="nombres" id="C06047E4-0FE1-F62D-A496-B1977E3DE9FE">
<sourceDDLFile>semana 9.sql</sourceDDLFile>
<createdBy>Seba</createdBy>
<createdTime>2025-10-12 08:16:27 UTC</createdTime>
<ownerDesignName>EFT_S9_Sebastian_Tapia</ownerDesignName>
<importedID>3D188E54-0BFF-CE12-24AF-28A494C29C4B</importedID>
<use>0</use>
<logicalDatatype>LOGDT024</logicalDatatype>
<domain>512E5F72-537C-2CB0-12F7-5F021CDA6E0B</domain>
<ownDataTypeParameters>,,</ownDataTypeParameters>
<autoIncrementCycle>false</autoIncrementCycle>
</Column>
<Column name="apellidos" id="D7C87984-772F-E44F-8A6A-2755F568AFCA">
<sourceDDLFile>semana 9.sql</sourceDDLFile>
<createdBy>Seba</createdBy>
<createdTime>2025-10-12 08:16:27 UTC</createdTime>
<ownerDesignName>EFT_S9_Sebastian_Tapia</ownerDesignName>
<importedID>9C7D26D4-F159-01F8-5E28-38E46FFD4DC1</importedID>
<use>0</use>
<logicalDatatype>LOGDT024</logicalDatatype>
<domain>512E5F72-537C-2CB0-12F7-5F021CDA6E0B</domain>
<ownDataTypeParameters>,,</ownDataTypeParameters>
<autoIncrementCycle>false</autoIncrementCycle>
</Column>
<Column name="fecha_contratacion" id="014CBE9C-C662-2419-E069-CBF24E25F682">
<sourceDDLFile>semana 9.sql</sourceDDLFile>
<createdBy>Seba</createdBy>
<createdTime>2025-10-12 08:16:27 UTC</createdTime>
<ownerDesignName>EFT_S9_Sebastian_Tapia</ownerDesignName>
<importedID>1D5A8DFB-4249-12AE-1BC8-D3B3CD11BC42</importedID>
<use>0</use>
<logicalDatatype>LOGDT007</logicalDatatype>
<domain>59AAF118-2DB2-491B-E0A3-D8FB1BB451F6</domain>
<ownDataTypeParameters>,,</ownDataTypeParameters>
<autoIncrementCycle>false</autoIncrementCycle>
</Column>
<Column name="sueldo_base" id="FDA489CF-C5AC-6696-DE22-D648C953EB2C">
<sourceDDLFile>semana 9.sql</sourceDDLFile>
<createdBy>Seba</createdBy>
<createdTime>2025-10-12 08:16:27 UTC</createdTime>
<ownerDesignName>EFT_S9_Sebastian_Tapia</ownerDesignName>
<importedID>B15959BC-2C47-4981-CE3B-CF2596983FDC</importedID>
<use>0</use>
<logicalDatatype>LOGDT019</logicalDatatype>
<domain>3609AEE3-0397-3FE8-7C65-18668E1BF9FD</domain>
<ownDataTypeParameters>,,</ownDataTypeParameters>
<autoIncrementCycle>false</autoIncrementCycle>
</Column>
<Column name="estado" id="B17F1FFF-1E0D-866D-8A4B-6341FC8B5B0E">
<sourceDDLFile>semana 9.sql</sourceDDLFile>
<createdBy>Seba</createdBy>
<createdTime>2025-10-12 08:16:27 UTC</createdTime>
<ownerDesignName>EFT_S9_Sebastian_Tapia</ownerDesignName>
<importedID>CB9205BE-923C-6A99-DCF0-87B0CF94A12A</importedID>
<constraintName>ck_estado_empleado</constraintName>
<useDomainConstraints>false</useDomainConstraints>
<use>0</use>
<logicalDatatype>LOGDT025</logicalDatatype>
<domain>22BB7FDC-C268-28F7-8D82-969B82900E39</domain>
<listOfValues>
<valueDef value="N" description=""/>
<valueDef value="S" description=""/>
</listOfValues>
<defaultValue>&apos;S&apos;</defaultValue>
<ownDataTypeParameters>,,</ownDataTypeParameters>
<autoIncrementCycle>false</autoIncrementCycle>
</Column>
<Column name="planta_id" id="7E563B5F-5C7D-1C52-2564-AB11156C6218">
<sourceDDLFile>semana 9.sql</sourceDDLFile>
<createdBy>Seba</createdBy>
<createdTime>2025-10-12 08:16:27 UTC</createdTime>
<ownerDesignName>EFT_S9_Sebastian_Tapia</ownerDesignName>
<importedID>727841FA-8CD0-7E9E-B764-270C18660E00</importedID>
<use>0</use>
<logicalDatatype>LOGDT019</logicalDatatype>
<domain>6F930B01-C565-6CFB-E9D7-08FBDF248C77</domain>
<ownDataTypeParameters>,,</ownDataTypeParameters>
<autoIncrementCycle>false</autoIncrementCycle>
<associations>
<colAssociation fkAssociation="D77DE9F6-8C87-AE60-62E5-1E35154BDA86" referredColumn="FAE349C4-1B18-4F8A-65F5-0F231434659E"/>
</associations>
</Column>
<Column name="afp_id" id="4865870E-9E97-55E3-CC0C-12F79407C54A">
<sourceDDLFile>semana 9.sql</sourceDDLFile>
<createdBy>Seba</createdBy>
<createdTime>2025-10-12 08:16:27 UTC</createdTime>
<ownerDesignName>EFT_S9_Sebastian_Tapia</ownerDesignName>
<importedID>561A8B34-F696-F05C-5458-7450F148EEBE</importedID>
<use>0</use>
<logicalDatatype>LOGDT019</logicalDatatype>
<domain>6F930B01-C565-6CFB-E9D7-08FBDF248C77</domain>
<ownDataTypeParameters>,,</ownDataTypeParameters>
<autoIncrementCycle>false</autoIncrementCycle>
<associations>
<colAssociation fkAssociation="98DAF5F5-54E4-F1B9-8D86-2B9477442A59" referredColumn="00786D49-E51D-1EDA-FCE4-474E61CC6D8B"/>
</associations>
</Column>
<Column name="salud_id" id="BACC20DF-05EC-6C78-5836-9936DEABBC62">
<sourceDDLFile>semana 9.sql</sourceDDLFile>
<createdBy>Seba</createdBy>
<createdTime>2025-10-12 08:16:27 UTC</createdTime>
<ownerDesignName>EFT_S9_Sebastian_Tapia</ownerDesignName>
<importedID>783C1C1C-19AC-3419-47D0-62703B0EE984</importedID>
<use>0</use>
<logicalDatatype>LOGDT019</logicalDatatype>
<domain>6F930B01-C565-6CFB-E9D7-08FBDF248C77</domain>
<ownDataTypeParameters>,,</ownDataTypeParameters>
<autoIncrementCycle>false</autoIncrementCycle>
<associations>
<colAssociation fkAssociation="B742EE39-1082-09D4-F8B2-9207F3CFE991" referredColumn="DA29B8FC-CE80-AFE1-6534-063C01F9BA6F"/>
</associations>
</Column>
<Column name="jefe_directo_id" id="D223C73F-CCC6-36A7-8C99-554E1FDE4A34">
<sourceDDLFile>semana 9.sql</sourceDDLFile>
<createdBy>Seba</createdBy>
<createdTime>2025-10-12 08:16:27 UTC</createdTime>
<ownerDesignName>EFT_S9_Sebastian_Tapia</ownerDesignName>
<importedID>BAA1CCB1-CBFB-8FBB-B9A3-679A570A7695</importedID>
<nullsAllowed>true</nullsAllowed>
<use>0</use>
<logicalDatatype>LOGDT019</logicalDatatype>
<domain>B89FCABF-E209-8924-08A0-EBD065C0B41B</domain>
<ownDataTypeParameters>,,</ownDataTypeParameters>
<autoIncrementCycle>false</autoIncrementCycle>
<associations>
<colAssociation fkAssociation="84DC4F84-DF0B-ACF4-48CC-EF440A92BA22" referredColumn="ED73531C-E6CE-A5EE-E55D-D5BE5EAFC804"/>
</associations>
</Column>
</columns>
<indexes itemClass="oracle.dbtools.crest.model.design.relational.Index">
<ind_PK_UK id="16285262-29E9-F73F-15D9-F888D2F734DA" name="pk_empleado">
<sourceDDLFile>semana 9.sql</sourceDDLFile>
<createdBy>Seba</createdBy>
<createdTime>2025-10-12 08:16:27 UTC</createdTime>
<ownerDesignName>EFT_S9_Sebastian_Tapia</ownerDesignName>
<importedID>4075DCE1-D45B-46CA-5D55-880E7AE87D79</importedID>
<pk>true</pk>
<indexState>Primary Constraint</indexState>
<isSurrogateKey>false</isSurrogateKey>
<indexColumnUsage>
<colUsage columnID="ED73531C-E6CE-A5EE-E55D-D5BE5EAFC804"/>
</indexColumnUsage>
</ind_PK_UK>
<ind_PK_UK id="69E4BB41-E9BD-C26E-816C-034205C0B7DA" name="un_rut_empleado">
<sourceDDLFile>semana 9.sql</sourceDDLFile>
<createdBy>Seba</createdBy>
<createdTime>2025-10-12 08:16:27 UTC</createdTime>
<ownerDesignName>EFT_S9_Sebastian_Tapia</ownerDesignName>
<importedID>BC77AAEB-EF23-7C77-2A36-CFE17237CFB1</importedID>
<indexState>Unique Constraint</indexState>
<isSurrogateKey>false</isSurrogateKey>
<indexColumnUsage>
<colUsage columnID="E107F659-962D-0EFF-0746-EAA2F3667F27"/>
</indexColumnUsage>
</ind_PK_UK>
<ind_PK_UK id="C90EFCC3-5397-5BA6-547D-6588262B94D4" name="fk_empleado_afp">
<createdBy>Seba</createdBy>
<createdTime>2025-10-12 08:16:27 UTC</createdTime>
<ownerDesignName>EFT_S9_Sebastian_Tapia</ownerDesignName>
<indexState>Foreign Key</indexState>
<isSurrogateKey>false</isSurrogateKey>
<indexColumnUsage>
<colUsage columnID="4865870E-9E97-55E3-CC0C-12F79407C54A"/>
</indexColumnUsage>
</ind_PK_UK>
<ind_PK_UK id="9798A298-6D9A-C6AE-B3C2-1F61C6D99162" name="fk_empleado_jefe">
<createdBy>Seba</createdBy>
<createdTime>2025-10-12 08:16:27 UTC</createdTime>
<ownerDesignName>EFT_S9_Sebastian_Tapia</ownerDesignName>
<indexState>Foreign Key</indexState>
<isSurrogateKey>false</isSurrogateKey>
<indexColumnUsage>
<colUsage columnID="D223C73F-CCC6-36A7-8C99-554E1FDE4A34"/>
</indexColumnUsage>
</ind_PK_UK>
<ind_PK_UK id="8CCC2CA4-7D5E-60F7-B5AB-FF12ADF25E1D" name="fk_empleado_planta">
<createdBy>Seba</createdBy>
<createdTime>2025-10-12 08:16:27 UTC</createdTime>
<ownerDesignName>EFT_S9_Sebastian_Tapia</ownerDesignName>
<indexState>Foreign Key</indexState>
<isSurrogateKey>false</isSurrogateKey>
<indexColumnUsage>
<colUsage columnID="7E563B5F-5C7D-1C52-2564-AB11156C6218"/>
</indexColumnUsage>
</ind_PK_UK>
<ind_PK_UK id="8FD3CC10-B0C2-4D0A-86DB-A0353B33EFC6" name="fk_empleado_salud">
<createdBy>Seba</createdBy>
<createdTime>2025-10-12 08:16:27 UTC</createdTime>
<ownerDesignName>EFT_S9_Sebastian_Tapia</ownerDesignName>
<indexState>Foreign Key</indexState>
<isSurrogateKey>false</isSurrogateKey>
<indexColumnUsage>
<colUsage columnID="BACC20DF-05EC-6C78-5836-9936DEABBC62"/>
</indexColumnUsage>
</ind_PK_UK>
</indexes>
</Table>