<?xml version = '1.0' encoding = 'UTF-8'?>
<Table class="oracle.dbtools.crest.model.design.relational.Table" directorySegmentName="seg_0" id="9C12FCD5-375C-92C1-E836-5E68B550A17E" name="MAQUINA">
<sourceDDLFile>semana 9.sql</sourceDDLFile>
<createdBy>Seba</createdBy>
<createdTime>2025-10-12 08:16:27 UTC</createdTime>
<ownerDesignName>EFT_S9_Sebastian_Tapia</ownerDesignName>
<importedID>112AEC94-FA34-022A-7A78-DD24835A826E</importedID>
<allowColumnReorder>false</allowColumnReorder>
<existDependencyGenerateInDDl>true</existDependencyGenerateInDDl>
<parsed>true</parsed>
<columns itemClass="oracle.dbtools.crest.model.design.relational.Column">
<Column name="num_maquina" id="1AB02092-FBCF-CB02-A301-9F55503B5D80">
<sourceDDLFile>semana 9.sql</sourceDDLFile>
<createdBy>Seba</createdBy>
<createdTime>2025-10-12 08:16:27 UTC</createdTime>
<ownerDesignName>EFT_S9_Sebastian_Tapia</ownerDesignName>
<importedID>863E0F0A-F522-C43D-8EE3-3E9527EFD48B</importedID>
<use>0</use>
<logicalDatatype>LOGDT019</logicalDatatype>
<domain>B89FCABF-E209-8924-08A0-EBD065C0B41B</domain>
<ownDataTypeParameters>,,</ownDataTypeParameters>
<autoIncrementCycle>false</autoIncrementCycle>
</Column>
<Column name="planta_id" id="1F670AF8-CB69-9880-0B57-0369E67881D0">
<sourceDDLFile>semana 9.sql</sourceDDLFile>
<createdBy>Seba</createdBy>
<createdTime>2025-10-12 08:16:27 UTC</createdTime>
<ownerDesignName>EFT_S9_Sebastian_Tapia</ownerDesignName>
<importedID>18ACAEFD-2DB7-BB2E-12E3-F1D29FC06102</importedID>
<use>0</use>
<logicalDatatype>LOGDT019</logicalDatatype>
<domain>6F930B01-C565-6CFB-E9D7-08FBDF248C77</domain>
<ownDataTypeParameters>,,</ownDataTypeParameters>
<autoIncrementCycle>false</autoIncrementCycle>
<associations>
<colAssociation fkAssociation="2330C453-D0D7-839D-83B7-6B840D076F2F" referredColumn="FAE349C4-1B18-4F8A-65F5-0F231434659E"/>
</associations>
</Column>
<Column name="nombre_maquina" id="0E8067A0-93E8-B4BA-A786-CD9EBF2E7998">
<sourceDDLFile>semana 9.sql</sourceDDLFile>
<createdBy>Seba</createdBy>
<createdTime>2025-10-12 08:16:27 UTC</createdTime>
<ownerDesignName>EFT_S9_Sebastian_Tapia</ownerDesignName>
<importedID>B97BEA2A-BB89-0602-AE86-E22DA17CD96E</importedID>
<use>0</use>
<logicalDatatype>LOGDT024</logicalDatatype>
<domain>512E5F72-537C-2CB0-12F7-5F021CDA6E0B</domain>
<ownDataTypeParameters>,,</ownDataTypeParameters>
<autoIncrementCycle>false</autoIncrementCycle>
</Column>
<Column name="estado" id="3B1D9398-45BC-D9B7-480D-E9343D6ECE5C">
<sourceDDLFile>semana 9.sql</sourceDDLFile>
<createdBy>Seba</createdBy>
<createdTime>2025-10-12 08:16:27 UTC</createdTime>
<ownerDesignName>EFT_S9_Sebastian_Tapia</ownerDesignName>
<importedID>C90A6F6A-35C6-51FC-0B5D-26ED737EF603</importedID>
<constraintName>ck_estado_maquina</constraintName>
<useDomainConstraints>false</useDomainConstraints>
<use>0</use>
<logicalDatatype>LOGDT025</logicalDatatype>
<domain>22BB7FDC-C268-28F7-8D82-969B82900E39</domain>
<listOfValues>
<valueDef value="N" description=""/>
<valueDef value="S" description=""/>
</listOfValues>
<ownDataTypeParameters>,,</ownDataTypeParameters>
<autoIncrementCycle>false</autoIncrementCycle>
</Column>
<Column name="tipo_maquina_id" id="B7E58180-8344-BC35-08F2-F177AE1D392C">
<sourceDDLFile>semana 9.sql</sourceDDLFile>
<createdBy>Seba</createdBy>
<createdTime>2025-10-12 08:16:27 UTC</createdTime>
<ownerDesignName>EFT_S9_Sebastian_Tapia</ownerDesignName>
<importedID>F1E07448-4D04-E9C9-53C3-3AD22DCB0AFA</importedID>
<use>0</use>
<logicalDatatype>LOGDT019</logicalDatatype>
<domain>57FB59B1-BF6A-7F33-9381-5D25F02F072C</domain>
<ownDataTypeParameters>,,</ownDataTypeParameters>
<autoIncrementCycle>false</autoIncrementCycle>
<associations>
<colAssociation fkAssociation="262CE504-AD7F-9AB7-BD56-C4108F2BC2BA" referredColumn="2066FA74-A560-0934-7BB4-C520390A5A8D"/>
</associations>
</Column>
</columns>
<indexes itemClass="oracle.dbtools.crest.model.design.relational.Index">
<ind_PK_UK id="28DC487E-1C6E-F82F-DC9B-EBDE30B7CC08" name="pk_maquina">
<sourceDDLFile>semana 9.sql</sourceDDLFile>
<createdBy>Seba</createdBy>
<createdTime>2025-10-12 08:16:27 UTC</createdTime>
<ownerDesignName>EFT_S9_Sebastian_Tapia</ownerDesignName>
<importedID>06B3570D-BB37-A964-7BD6-834A25F4D962</importedID>
<pk>true</pk>
<indexState>Primary Constraint</indexState>
<isSurrogateKey>false</isSurrogateKey>
<indexColumnUsage>
<colUsage columnID="1AB02092-FBCF-CB02-A301-9F55503B5D80"/>
<colUsage columnID="1F670AF8-CB69-9880-0B57-0369E67881D0"/>
</indexColumnUsage>
</ind_PK_UK>
<ind_PK_UK id="57276FA6-37B8-3202-354D-BB5C2C21B8A4" name="fk_maquina_planta">
<createdBy>Seba</createdBy>
<createdTime>2025-10-12 08:16:27 UTC</createdTime>
<ownerDesignName>EFT_S9_Sebastian_Tapia</ownerDesignName>
<indexState>Foreign Key</indexState>
<isSurrogateKey>false</isSurrogateKey>
<indexColumnUsage>
<colUsage columnID="1F670AF8-CB69-9880-0B57-0369E67881D0"/>
</indexColumnUsage>
</ind_PK_UK>
<ind_PK_UK id="013B1F34-8599-5F7B-0B10-852AB3A12209" name="fk_maquina_tipo">
<createdBy>Seba</createdBy>
<createdTime>2025-10-12 08:16:27 UTC</createdTime>
<ownerDesignName>EFT_S9_Sebastian_Tapia</ownerDesignName>
<indexState>Foreign Key</indexState>
<isSurrogateKey>false</isSurrogateKey>
<indexColumnUsage>
<colUsage columnID="B7E58180-8344-BC35-08F2-F177AE1D392C"/>
</indexColumnUsage>
</ind_PK_UK>
</indexes>
</Table>