<?xml version = '1.0' encoding = 'UTF-8'?>
<Table class="oracle.dbtools.crest.model.design.relational.Table" directorySegmentName="seg_0" id="A9DE8A05-B275-223C-E003-16E9256C0AAD" name="TURNO">
<sourceDDLFile>semana 9.sql</sourceDDLFile>
<createdBy>Seba</createdBy>
<createdTime>2025-10-12 08:16:27 UTC</createdTime>
<ownerDesignName>EFT_S9_Sebastian_Tapia</ownerDesignName>
<importedID>C91A2321-BA4B-3CA2-C129-A94179735074</importedID>
<allowColumnReorder>false</allowColumnReorder>
<existDependencyGenerateInDDl>true</existDependencyGenerateInDDl>
<parsed>true</parsed>
<columns itemClass="oracle.dbtools.crest.model.design.relational.Column">
<Column name="id_turno" id="1266D83C-E7FA-AD68-9757-F0C1BD9DE7A6">
<sourceDDLFile>semana 9.sql</sourceDDLFile>
<createdBy>Seba</createdBy>
<createdTime>2025-10-12 08:16:27 UTC</createdTime>
<ownerDesignName>EFT_S9_Sebastian_Tapia</ownerDesignName>
<importedID>FF74DB74-37EA-30CE-3324-06719A5DA88B</importedID>
<use>0</use>
<logicalDatatype>LOGDT024</logicalDatatype>
<domain>2F5DF199-2703-E249-7539-755250497BF2</domain>
<ownDataTypeParameters>,,</ownDataTypeParameters>
<autoIncrementCycle>false</autoIncrementCycle>
</Column>
<Column name="nombre_turno" id="7E092161-A601-3038-5D84-B53A0B5420E2">
<sourceDDLFile>semana 9.sql</sourceDDLFile>
<createdBy>Seba</createdBy>
<createdTime>2025-10-12 08:16:27 UTC</createdTime>
<ownerDesignName>EFT_S9_Sebastian_Tapia</ownerDesignName>
<importedID>16BF5DAB-ED03-99A0-EEFD-88B43E353749</importedID>
<use>0</use>
<logicalDatatype>LOGDT024</logicalDatatype>
<domain>2D3905BB-1B27-8537-9DD5-DE86BE46F24F</domain>
<ownDataTypeParameters>,,</ownDataTypeParameters>
<autoIncrementCycle>false</autoIncrementCycle>
</Column>
<Column name="hora_inicio" id="471DC844-6A74-43F6-4811-7AA71557D5F4">
<sourceDDLFile>semana 9.sql</sourceDDLFile>
<createdBy>Seba</createdBy>
<createdTime>2025-10-12 08:16:27 UTC</createdTime>
<ownerDesignName>EFT_S9_Sebastian_Tapia</ownerDesignName>
<importedID>955C6CB9-C9A6-76EF-AFAA-4C9803BE7FF2</importedID>
<use>0</use>
<logicalDatatype>LOGDT025</logicalDatatype>
<domain>FC3ECF33-A141-D427-EAF9-E2FC8A254D5F</domain>
<ownDataTypeParameters>,,</ownDataTypeParameters>
<autoIncrementCycle>false</autoIncrementCycle>
</Column>
<Column name="hora_fin" id="50D0C5D3-CAEA-D8CF-3843-77A2397CC9B3">
<sourceDDLFile>semana 9.sql</sourceDDLFile>
<createdBy>Seba</createdBy>
<createdTime>2025-10-12 08:16:27 UTC</createdTime>
<ownerDesignName>EFT_S9_Sebastian_Tapia</ownerDesignName>
<importedID>3F49F7DC-971F-8082-1D3C-518B70D8E732</importedID>
<use>0</use>
<logicalDatatype>LOGDT025</logicalDatatype>
<domain>FC3ECF33-A141-D427-EAF9-E2FC8A254D5F</domain>
<ownDataTypeParameters>,,</ownDataTypeParameters>
<autoIncrementCycle>false</autoIncrementCycle>
</Column>
</columns>
<indexes itemClass="oracle.dbtools.crest.model.design.relational.Index">
<ind_PK_UK id="69467605-4745-997C-1B9B-7C39C968CCCB" name="pk_turno">
<sourceDDLFile>semana 9.sql</sourceDDLFile>
<createdBy>Seba</createdBy>
<createdTime>2025-10-12 08:16:27 UTC</createdTime>
<ownerDesignName>EFT_S9_Sebastian_Tapia</ownerDesignName>
<importedID>0BC7B91C-3F31-4055-4D84-D8649D1C5816</importedID>
<pk>true</pk>
<indexState>Primary Constraint</indexState>
<isSurrogateKey>false</isSurrogateKey>
<indexColumnUsage>
<colUsage columnID="1266D83C-E7FA-AD68-9757-F0C1BD9DE7A6"/>
</indexColumnUsage>
</ind_PK_UK>
<ind_PK_UK id="9C941D8B-3BE4-81DE-60BF-5355487E74FC" name="un_nombre_turno">
<sourceDDLFile>semana 9.sql</sourceDDLFile>
<createdBy>Seba</createdBy>
<createdTime>2025-10-12 08:16:27 UTC</createdTime>
<ownerDesignName>EFT_S9_Sebastian_Tapia</ownerDesignName>
<importedID>2D61F9EB-8D20-1C20-8B88-655F5607ABD7</importedID>
<indexState>Unique Constraint</indexState>
<isSurrogateKey>false</isSurrogateKey>
<indexColumnUsage>
<colUsage columnID="7E092161-A601-3038-5D84-B53A0B5420E2"/>
</indexColumnUsage>
</ind_PK_UK>
</indexes>
</Table>