<?xml version = '1.0' encoding = 'UTF-8'?>
<TableProxyOraclev11g class="oracle.dbtools.crest.model.design.storage.oracle.v11g.TableProxyOraclev11g" name="REGION" directorySegmentName="seg_0" id="DD23A950-D852-CBA2-D80C-01C9644B5520">
<createdBy>Seba</createdBy>
<createdTime>2025-09-12 23:14:34 UTC</createdTime>
<ownerDesignName>CentroMedicoUniversitarioSanRafael</ownerDesignName>
<logging>YES</logging>
<partitionedRowMovement>DISABLE</partitionedRowMovement>
<temporaryChanged>false</temporaryChanged>
<accessDriverType>oracle_loader</accessDriverType>
<rejectLimit></rejectLimit>
<columnProxies itemClass="oracle.dbtools.crest.model.design.storage.oracle.v12c.ColumnProxyOraclev12c">
<ColumnProxy name="nombre_region" id="68C7F39C-BE44-A04B-39CA-DF7F6EAA9D64">
<createdBy>Seba</createdBy>
<createdTime>2025-09-12 23:14:34 UTC</createdTime>
<ownerDesignName>CentroMedicoUniversitarioSanRafael</ownerDesignName>
</ColumnProxy>
<ColumnProxy name="id_region" id="805E9AE4-3FAF-038D-9888-D5DD8FD70AFD">
<createdBy>Seba</createdBy>
<createdTime>2025-09-12 23:14:34 UTC</createdTime>
<ownerDesignName>CentroMedicoUniversitarioSanRafael</ownerDesignName>
</ColumnProxy>
</columnProxies>
<primaryKeys>
<PrimaryKey class="oracle.dbtools.crest.model.design.storage.oracle.v10g.PKProxyOraclev10g" name="pk_region" id="EB646E3F-B064-16DF-FFA6-B292478A459F">
<createdBy>Seba</createdBy>
<createdTime>2025-09-12 23:14:34 UTC</createdTime>
<ownerDesignName>CentroMedicoUniversitarioSanRafael</ownerDesignName>
<indexSort>SORTED</indexSort>
</PrimaryKey>
</primaryKeys>
</TableProxyOraclev11g>