<?xml version = '1.0' encoding = 'UTF-8'?>
<Relation class="oracle.dbtools.crest.model.design.logical.InheritanceRelation" name="Hierarchy_2" directorySegmentName="seg_0" id="851453D6-53E1-8C39-6B98-AC257C24F206">
<createdBy>Seba</createdBy>
<createdTime>2025-09-02 03:03:48 UTC</createdTime>
<ownerDesignName>VivirMejor</ownerDesignName>
<engineerTo>
<item key="A804F6F1-5FA0-6B11-4844-5758B4943EAF" value="true"/>
</engineerTo>
<identifying>false</identifying>
<nameOnSource>Super Type</nameOnSource>
<nameOnTarget>Sub Type</nameOnTarget>
<optionalSource>true</optionalSource>
<optionalTarget>true</optionalTarget>
<sourceEntity>BB42A01C-265B-04A0-E898-9CCF03067BE7</sourceEntity>
<targetEntity>C8F92579-0252-3428-C5C0-D92AF4E3AEE7</targetEntity>
<transferable>true</transferable>
<deleteRule>NO ACTION</deleteRule>
</Relation>