<?xml version = '1.0' encoding = 'UTF-8'?>
<relationalModel class="oracle.dbtools.crest.model.design.relational.RelationalDesign" name="Relational_1" id="36302680-21E0-BDF2-3B1C-4866FE4A4EB8" mainViewID="1942F41B-C83A-984F-93A2-6A359083C264">
<createdBy>Seba</createdBy>
<createdTime>2025-10-12 08:16:10 UTC</createdTime>
<ownerDesignName>EFT_S9_Sebastian_Tapia</ownerDesignName>
<shouldBeOpen>false</shouldBeOpen>
<selectedRDBMSSite>32076570-2523-435C-2E92-BF29817DFF70</selectedRDBMSSite>
<importDDLFileStamps>
<importDDLFileStamp class="oracle.dbtools.crest.imports.DDLFileStamp">
<fileName>semana 9.sql</fileName>
<pathName>C:\Users\sebas\Desktop</pathName>
<dbType>9</dbType>
</importDDLFileStamp>
</importDDLFileStamps>
</relationalModel>