<?xml version="1.0" encoding="UTF-8"?>
<project-private xmlns="http://www.netbeans.org/ns/project-private/1">
    <editor-bookmarks xmlns="http://www.netbeans.org/ns/editor-bookmarks/2" lastBookmarkId="0"/>
    <open-files xmlns="http://www.netbeans.org/ns/projectui-open-files/2">
        <group>
            <file>file:/C:/Users/Administrator/Desktop/NetBeans/Bank_Europe_1/src/com/sebastian/bank_europe/main/Bank_Europe.java</file>
            <file>file:/C:/Users/Administrator/Desktop/NetBeans/Bank_Europe_1/src/com/sebastian/bank_europe/modelos/cuentas/CuentaCorriente.java</file>
            <file>file:/C:/Users/Administrator/Desktop/NetBeans/Bank_Europe_1/src/com/sebastian/bank_europe/modelos/cuentas/CuentaBancaria.java</file>
            <file>file:/C:/Users/Administrator/Desktop/NetBeans/Bank_Europe_1/src/com/sebastian/bank_europe/modelos/cuentas/CuentaAhorro.java</file>
            <file>file:/C:/Users/Administrator/Desktop/NetBeans/Bank_Europe_1/src/com/sebastian/bank_europe/modelos/cuentas/CuentaDigital.java</file>
        </group>
    </open-files>
</project-private>
