<?xml version = '1.0' encoding = 'UTF-8'?>
<Relation class="oracle.dbtools.crest.model.design.logical.Relation" name="Asignación" directorySegmentName="seg_0" id="E56D220A-A7EA-88BA-9DE1-A2C992D52557">
<createdBy>Seba</createdBy>
<createdTime>2025-08-13 00:15:08 UTC</createdTime>
<ownerDesignName>BT&amp;Airways</ownerDesignName>
<engineerTo>
<item key="29351435-CC6C-5B86-FEF0-E3E229F024FA" value="true"/>
</engineerTo>
<sourcePk>6F70A097-AD08-EC72-B63C-852BF4688C7A</sourcePk>
<targetPk>1050AE67-20A3-4966-EF0F-03F19D5714F1</targetPk>
<identifying>true</identifying>
<nameOnSource>Puede crear</nameOnSource>
<nameOnTarget>varias</nameOnTarget>
<optionalSource>false</optionalSource>
<optionalTarget>false</optionalTarget>
<sourceCardinality>1</sourceCardinality>
<sourceEntity>040561AD-B665-76B8-DF3F-BDAABB9220E1</sourceEntity>
<targetCardinalityString>*</targetCardinalityString>
<targetEntity>14C21F4B-33EA-B2B4-CA78-38283A40359F</targetEntity>
<transferable>true</transferable>
<deleteRule>NO ACTION</deleteRule>
</Relation>