<?xml version = '1.0' encoding = 'UTF-8'?>
<Relation class="oracle.dbtools.crest.model.design.logical.Relation" name="Inclusión de residentes" directorySegmentName="seg_0" id="4B09556E-8673-77D1-56FA-1221C815886E">
<createdBy>Seba</createdBy>
<createdTime>2025-09-02 03:38:28 UTC</createdTime>
<ownerDesignName>VivirMejor</ownerDesignName>
<engineerTo>
<item key="A804F6F1-5FA0-6B11-4844-5758B4943EAF" value="true"/>
</engineerTo>
<sourcePk>403CF04B-7ACB-1A7C-EE6F-DCA9946C3152</sourcePk>
<identifying>false</identifying>
<optionalSource>false</optionalSource>
<optionalTarget>false</optionalTarget>
<sourceCardinality>1</sourceCardinality>
<sourceEntity>7A7080E9-077D-3E46-9A31-485730B1DC70</sourceEntity>
<targetCardinalityString>*</targetCardinalityString>
<targetEntity>1D4571B3-6E61-AB48-6692-8852FFC4F98D</targetEntity>
<transferable>true</transferable>
<deleteRule>NO ACTION</deleteRule>
</Relation>