<?xml version = '1.0' encoding = 'UTF-8'?>
<Relation class="oracle.dbtools.crest.model.design.logical.Relation" name="Relation_4" directorySegmentName="seg_0" id="6713B1A8-BE61-0E05-2AAE-C2164FFFA53C">
<createdBy>Seba</createdBy>
<createdTime>2025-09-02 03:28:34 UTC</createdTime>
<ownerDesignName>VivirMejor</ownerDesignName>
<engineerTo>
<item key="A804F6F1-5FA0-6B11-4844-5758B4943EAF" value="true"/>
</engineerTo>
<targetPk>ACE483A8-A45F-893B-CA87-9A6D60DF101B</targetPk>
<identifying>false</identifying>
<optionalSource>false</optionalSource>
<optionalTarget>true</optionalTarget>
<sourceCardinality>1</sourceCardinality>
<sourceEntity>7A7080E9-077D-3E46-9A31-485730B1DC70</sourceEntity>
<targetCardinalityString>1</targetCardinalityString>
<targetEntity>C34C3AF2-F9C7-4567-8936-EE15E461E003</targetEntity>
<transferable>true</transferable>
<deleteRule>NO ACTION</deleteRule>
</Relation>