<?xml version = '1.0' encoding = 'UTF-8'?>
<Relation class="oracle.dbtools.crest.model.design.logical.Relation" name="fk_paciente_comuna" directorySegmentName="seg_0" id="3941187B-D236-0D31-D7EA-6DB5687EC16A">
<createdBy>Seba</createdBy>
<createdTime>2025-09-12 23:14:50 UTC</createdTime>
<generatorID>03A2A008-A151-3B24-B307-95790019541B</generatorID>
<ownerDesignName>CentroMedicoUniversitarioSanRafael</ownerDesignName>
<engineerTo>
<item key="4C4A55CB-2359-BE67-0C51-940E796A3713" value="true"/>
</engineerTo>
<sourcePk>A36D7A6D-960B-0307-7408-46C8F24CEF0F</sourcePk>
<identifying>false</identifying>
<optionalSource>true</optionalSource>
<optionalTarget>false</optionalTarget>
<sourceCardinality>1</sourceCardinality>
<sourceEntity>3E8CE2F6-3A70-AAFD-3977-DC8B5DF452F3</sourceEntity>
<targetCardinalityString>*</targetCardinalityString>
<targetEntity>74AF355C-3D83-A665-EBEC-E975B562F3C8</targetEntity>
<transferable>true</transferable>
<deleteRule>NO ACTION</deleteRule>
</Relation>