<?xml version = '1.0' encoding = 'UTF-8'?>
<Relation class="oracle.dbtools.crest.model.design.logical.Relation" name="fk_medico_especialidad" directorySegmentName="seg_0" id="39B9B1E3-0BE5-6F1B-8C26-3843C8553A19">
<createdBy>Seba</createdBy>
<createdTime>2025-09-12 23:14:50 UTC</createdTime>
<generatorID>1D34A42E-3506-FB3A-101B-1546B6594C7D</generatorID>
<ownerDesignName>CentroMedicoUniversitarioSanRafael</ownerDesignName>
<engineerTo>
<item key="4C4A55CB-2359-BE67-0C51-940E796A3713" value="true"/>
</engineerTo>
<sourcePk>2497D1F1-8121-379D-2319-648EA11F9814</sourcePk>
<identifying>false</identifying>
<optionalSource>true</optionalSource>
<optionalTarget>false</optionalTarget>
<sourceCardinality>1</sourceCardinality>
<sourceEntity>C81ECAA8-6834-0A9B-DD2E-5A5557E96443</sourceEntity>
<targetCardinalityString>*</targetCardinalityString>
<targetEntity>8EE1A0F1-3414-0DB5-7DC0-776BE83549F8</targetEntity>
<transferable>true</transferable>
<deleteRule>NO ACTION</deleteRule>
</Relation>