<?xml version = '1.0' encoding = 'UTF-8'?>
<Relation class="oracle.dbtools.crest.model.design.logical.Relation" name="fk_solicitud_atencion" directorySegmentName="seg_0" id="8A2E2039-690B-BBA7-0AFE-411C6043C3B9">
<createdBy>Seba</createdBy>
<createdTime>2025-09-12 23:14:50 UTC</createdTime>
<generatorID>EED12298-615B-63AC-7617-BC90862DABCE</generatorID>
<ownerDesignName>CentroMedicoUniversitarioSanRafael</ownerDesignName>
<engineerTo>
<item key="4C4A55CB-2359-BE67-0C51-940E796A3713" value="true"/>
</engineerTo>
<sourcePk>8E0C9BA6-80F2-D4D0-C5BF-4859AD01812F</sourcePk>
<identifying>false</identifying>
<optionalSource>true</optionalSource>
<optionalTarget>false</optionalTarget>
<sourceCardinality>1</sourceCardinality>
<sourceEntity>91FF1014-3862-22DC-3EF7-B04978B60FF8</sourceEntity>
<targetCardinalityString>*</targetCardinalityString>
<targetEntity>9510AB96-D3EB-698A-A423-F45BF7B52F74</targetEntity>
<transferable>true</transferable>
<deleteRule>NO ACTION</deleteRule>
</Relation>