<?xml version = '1.0' encoding = 'UTF-8'?>
<Relation class="oracle.dbtools.crest.model.design.logical.Relation" name="fk_pago_atencion" directorySegmentName="seg_0" id="E88364EF-7229-8B79-8BED-39616A88872B">
<createdBy>Seba</createdBy>
<createdTime>2025-09-12 23:14:50 UTC</createdTime>
<generatorID>BA81A1DC-BCF6-D23B-2F14-0AFBEC3E09DB</generatorID>
<ownerDesignName>CentroMedicoUniversitarioSanRafael</ownerDesignName>
<engineerTo>
<item key="4C4A55CB-2359-BE67-0C51-940E796A3713" value="true"/>
</engineerTo>
<sourcePk>8E0C9BA6-80F2-D4D0-C5BF-4859AD01812F</sourcePk>
<identifying>false</identifying>
<optionalSource>true</optionalSource>
<optionalTarget>false</optionalTarget>
<sourceCardinality>1</sourceCardinality>
<sourceEntity>91FF1014-3862-22DC-3EF7-B04978B60FF8</sourceEntity>
<targetCardinalityString>*</targetCardinalityString>
<targetEntity>61DB1FB3-F38D-8C26-C758-7FEDCAF8B70A</targetEntity>
<transferable>true</transferable>
<deleteRule>NO ACTION</deleteRule>
</Relation>