<?xml version = '1.0' encoding = 'UTF-8'?>
<Entity class="oracle.dbtools.crest.model.design.logical.Entity" directorySegmentName="seg_0" id="2015D0ED-25DA-0A71-BFEA-C175695228D0" name="ORDEN MANTENCION">
<createdBy>Seba</createdBy>
<createdTime>2025-10-12 08:18:24 UTC</createdTime>
<generatorID>4949F305-4F19-1EF2-727E-64583D5D58C6</generatorID>
<ownerDesignName>EFT_S9_Sebastian_Tapia</ownerDesignName>
<engineerTo>
<item key="36302680-21E0-BDF2-3B1C-4866FE4A4EB8" value="true"/>
</engineerTo>
<adequatelyNormalized>NO</adequatelyNormalized>
<expectedVolumes>0</expectedVolumes>
<fwdEngineeringStrategyName>Single Table</fwdEngineeringStrategyName>
<growthPercent>0</growthPercent>
<growthType>Year</growthType>
<maxVolumes>9999999</maxVolumes>
<minVolumes>0</minVolumes>
<normalForm>Third</normalForm>
<attributes itemClass="oracle.dbtools.crest.model.design.logical.Attribute">
<Attribute name="id orden" id="2392D903-B80D-A3B3-31EA-A9BEE34D2FB9">
<createdBy>Seba</createdBy>
<createdTime>2025-10-12 08:18:24 UTC</createdTime>
<generatorID>592D8A95-36D1-2CAB-278D-202407CD4C12</generatorID>
<ownerDesignName>EFT_S9_Sebastian_Tapia</ownerDesignName>
<engineerTo>
<item key="36302680-21E0-BDF2-3B1C-4866FE4A4EB8" value="true"/>
</engineerTo>
<use>0</use>
<logicalDatatype>LOGDT019</logicalDatatype>
<domain>52BFF498-4109-F81F-F152-3C7287E62467</domain>
<ownDataTypeParameters>,,</ownDataTypeParameters>
</Attribute>
<Attribute name="fecha programada" id="49675FD6-0BB5-16D4-ED87-1C584CB12B20">
<createdBy>Seba</createdBy>
<createdTime>2025-10-12 08:18:24 UTC</createdTime>
<generatorID>AC074EE3-F163-D399-E37D-AEC1C1CCF3A0</generatorID>
<ownerDesignName>EFT_S9_Sebastian_Tapia</ownerDesignName>
<engineerTo>
<item key="36302680-21E0-BDF2-3B1C-4866FE4A4EB8" value="true"/>
</engineerTo>
<use>0</use>
<logicalDatatype>LOGDT007</logicalDatatype>
<domain>59AAF118-2DB2-491B-E0A3-D8FB1BB451F6</domain>
<ownDataTypeParameters>,,</ownDataTypeParameters>
</Attribute>
<Attribute name="fecha ejecucion" id="B85CDB63-C928-8299-51A8-B01CF92687AE">
<createdBy>Seba</createdBy>
<createdTime>2025-10-12 08:18:24 UTC</createdTime>
<generatorID>B4EB9B2D-61C8-4B67-20FB-04F38C6DD11C</generatorID>
<ownerDesignName>EFT_S9_Sebastian_Tapia</ownerDesignName>
<engineerTo>
<item key="36302680-21E0-BDF2-3B1C-4866FE4A4EB8" value="true"/>
</engineerTo>
<nullsAllowed>true</nullsAllowed>
<use>0</use>
<logicalDatatype>LOGDT007</logicalDatatype>
<domain>59AAF118-2DB2-491B-E0A3-D8FB1BB451F6</domain>
<ownDataTypeParameters>,,</ownDataTypeParameters>
</Attribute>
<Attribute name="descripcion" id="745DC368-5099-F210-AF65-F9BE48D19EB1">
<createdBy>Seba</createdBy>
<createdTime>2025-10-12 08:18:24 UTC</createdTime>
<generatorID>61C940FD-FE6A-1C1E-F763-00734B954EBC</generatorID>
<ownerDesignName>EFT_S9_Sebastian_Tapia</ownerDesignName>
<engineerTo>
<item key="36302680-21E0-BDF2-3B1C-4866FE4A4EB8" value="true"/>
</engineerTo>
<use>0</use>
<logicalDatatype>LOGDT024</logicalDatatype>
<domain>9518BBE1-C45A-F974-36F9-BC7E97DACB3D</domain>
<ownDataTypeParameters>,,</ownDataTypeParameters>
</Attribute>
<Attribute name="num maquina" id="9E596E6F-377A-AE58-CA61-BF9926DE3657">
<createdBy>Seba</createdBy>
<createdTime>2025-10-12 08:18:24 UTC</createdTime>
<generatorID>78887FEB-C118-7118-B859-6DDB028D5E12</generatorID>
<ownerDesignName>EFT_S9_Sebastian_Tapia</ownerDesignName>
<engineerTo>
<item key="36302680-21E0-BDF2-3B1C-4866FE4A4EB8" value="true"/>
</engineerTo>
<referedAttribute>61F9DC34-9482-9F84-2878-EF173F5271D8</referedAttribute>
<use>0</use>
<logicalDatatype>LOGDT019</logicalDatatype>
<domain>B89FCABF-E209-8924-08A0-EBD065C0B41B</domain>
<ownDataTypeParameters>,,</ownDataTypeParameters>
</Attribute>
<Attribute name="planta id" id="9D52C32E-FEBC-9E69-C231-1BBB0748B9C8">
<createdBy>Seba</createdBy>
<createdTime>2025-10-12 08:18:24 UTC</createdTime>
<generatorID>78887FEB-C118-7118-B859-6DDB028D5E12</generatorID>
<ownerDesignName>EFT_S9_Sebastian_Tapia</ownerDesignName>
<engineerTo>
<item key="36302680-21E0-BDF2-3B1C-4866FE4A4EB8" value="true"/>
</engineerTo>
<referedAttribute>80BD70F1-6D23-CAF8-99F4-4B6E219F13F3</referedAttribute>
<use>0</use>
<logicalDatatype>LOGDT019</logicalDatatype>
<domain>6F930B01-C565-6CFB-E9D7-08FBDF248C77</domain>
<ownDataTypeParameters>,,</ownDataTypeParameters>
</Attribute>
<Attribute name="tecnico id" id="F8D8BA11-1EFE-791F-F01A-A1A3DC67FE31">
<createdBy>Seba</createdBy>
<createdTime>2025-10-12 08:18:24 UTC</createdTime>
<generatorID>C9DF9428-F3D2-36C7-2922-FF0EFDFF30D1</generatorID>
<ownerDesignName>EFT_S9_Sebastian_Tapia</ownerDesignName>
<engineerTo>
<item key="36302680-21E0-BDF2-3B1C-4866FE4A4EB8" value="true"/>
</engineerTo>
<referedAttribute>7D009D83-245E-5F9A-4B1A-8A95CA236E0A</referedAttribute>
<use>0</use>
<logicalDatatype>LOGDT019</logicalDatatype>
<domain>B89FCABF-E209-8924-08A0-EBD065C0B41B</domain>
<ownDataTypeParameters>,,</ownDataTypeParameters>
</Attribute>
</attributes>
<identifiers itemClass="oracle.dbtools.crest.model.design.logical.CandidateKey">
<identifier id="33FBDC1E-FF43-4BBF-B06D-B25BED92A882" name="pk orden mantencion">
<createdBy>Seba</createdBy>
<createdTime>2025-10-12 08:18:24 UTC</createdTime>
<generatorID>4988FD45-1937-CC79-BAA6-8CBA59FBAB5A</generatorID>
<ownerDesignName>EFT_S9_Sebastian_Tapia</ownerDesignName>
<engineerTo>
<item key="36302680-21E0-BDF2-3B1C-4866FE4A4EB8" value="true"/>
</engineerTo>
<pk>true</pk>
<usedAttributes>
<attributeRef>2392D903-B80D-A3B3-31EA-A9BEE34D2FB9</attributeRef>
</usedAttributes>
</identifier>
</identifiers>
</Entity>